scope,candidate,baseline,metric,difference,ci_lower,ci_upper,replicates
fold_1,A1,B0,MAE,-1.8132388073545043,-2.8735982858718905,-0.5310152221504232,2000
fold_1,A1,B0,WIS,-1.6051853622512215,-2.4645588894181856,-0.7189504901783418,2000
fold_1,A1,B1,MAE,0.2070113861165881,-0.5059362353745155,1.0705635402289944,2000
fold_1,A1,B1,WIS,0.10122671053804932,-0.35549898868056506,0.5574150154602981,2000
fold_1,A1,B2,MAE,0.6006309983887252,0.21972695538907985,1.2105042315413592,2000
fold_1,A1,B2,WIS,0.15419310265537822,-0.08358214383553911,0.5029787468303327,2000
fold_1,A1,B3,MAE,0.31227039305569715,-0.40399138485004166,1.1733032366372433,2000
fold_1,A1,B3,WIS,0.08931449329794283,-0.31654421002873884,0.5576861467220707,2000
fold_1,A2,B0,MAE,-1.5905038704020313,-3.111594410429198,-0.2764061808566766,2000
fold_1,A2,B0,WIS,-1.5197666754161405,-2.4831699103255844,-0.6319274084439387,2000
fold_1,A2,B1,MAE,0.429746323069061,-0.3402238516205049,1.2536260916338624,2000
fold_1,A2,B1,WIS,0.18664539737313035,-0.24235276193127134,0.5701906025341281,2000
fold_1,A2,B2,MAE,0.8233659353411982,0.14182603026661178,1.6056380096652103,2000
fold_1,A2,B2,WIS,0.23961178949045925,-0.08330100545562169,0.6044701791220287,2000
fold_1,A2,B3,MAE,0.5350053300081701,-0.19719052590931757,1.2866911926257516,2000
fold_1,A2,B3,WIS,0.17473318013302386,-0.1819388053289187,0.5499767743979088,2000
fold_1,A3,B0,MAE,-2.2502050067064827,-3.5082744059902415,-0.9213929814274658,2000
fold_1,A3,B0,WIS,-1.8157144243667944,-2.754749715714504,-0.9027840077261272,2000
fold_1,A3,B1,MAE,-0.22995481323539035,-0.7937267191320789,0.43409717978921053,2000
fold_1,A3,B1,WIS,-0.10930235157752355,-0.4958023078081108,0.2385122994795709,2000
fold_1,A3,B2,MAE,0.1636647990367468,-0.18711221128515937,0.6247815947149817,2000
fold_1,A3,B2,WIS,-0.05633595946019465,-0.2825071218260823,0.22461256461486634,2000
fold_1,A3,B3,MAE,-0.1246958062962813,-0.7059201202613876,0.501666078827761,2000
fold_1,A3,B3,WIS,-0.12121456881763004,-0.4514913297671043,0.22738681478967854,2000
fold_1,A4,B0,MAE,-1.0718269388261046,-2.1999759322662733,0.20477012567687103,2000
fold_1,A4,B0,WIS,-1.0934388279831948,-1.9732502805034073,-0.1758975293707867,2000
fold_1,A4,B1,MAE,0.9484232546449878,0.04660017892942199,1.8873626060975661,2000
fold_1,A4,B1,WIS,0.6129732448060761,0.035651505426010414,1.0995788841022447,2000
fold_1,A4,B2,MAE,1.342042866917125,0.7849759157876401,2.0062117937998294,2000
fold_1,A4,B2,WIS,0.665939636923405,0.3101970125460396,1.0877472472359997,2000
fold_1,A4,B3,MAE,1.0536822615840968,0.12855823809699624,1.9702263081057214,2000
fold_1,A4,B3,WIS,0.6010610275659696,0.03147006369118221,1.1337853205870456,2000
fold_1,A5,B0,MAE,-2.141780825077948,-3.2957346319202374,-0.8321876771536509,2000
fold_1,A5,B0,WIS,-1.7406095166736373,-2.6325177426712547,-0.853258645492289,2000
fold_1,A5,B1,MAE,-0.12153063160685562,-0.6959938893307893,0.5314378616952808,2000
fold_1,A5,B1,WIS,-0.03419744388436641,-0.408101800058052,0.3128688800243799,2000
fold_1,A5,B2,MAE,0.27208898066528153,-0.030535107966247744,0.7049799118096751,2000
fold_1,A5,B2,WIS,0.01876894823296249,-0.17716849552481673,0.28115540510946585,2000
fold_1,A5,B3,MAE,-0.016271624667746565,-0.608588299339077,0.6212315748707388,2000
fold_1,A5,B3,WIS,-0.0461096611244729,-0.3922442538923949,0.318558656643484,2000
fold_2,A1,B0,MAE,-6.216082843122031,-8.930393243511995,-4.089740264168107,2000
fold_2,A1,B0,WIS,-4.6395765353881355,-6.539110996044311,-3.118567192838608,2000
fold_2,A1,B1,MAE,-10.08157703117325,-13.974876943059554,-5.969296530042442,2000
fold_2,A1,B1,WIS,-4.575795629982418,-6.501605430693348,-2.400710441549472,2000
fold_2,A1,B2,MAE,0.27814382228174495,-0.28763985273732523,0.891172391553053,2000
fold_2,A1,B2,WIS,0.2095785353659414,-0.1865453053780821,0.6333404964644688,2000
fold_2,A1,B3,MAE,-1.7089510753543227,-2.799140522042352,-0.6962428276496244,2000
fold_2,A1,B3,WIS,-0.9834581487533649,-1.5701182465853292,-0.39959856599629595,2000
fold_2,A2,B0,MAE,-5.869959651274462,-8.637624274994678,-3.549751979132364,2000
fold_2,A2,B0,WIS,-4.130316876586072,-5.97500898279124,-2.519823580163518,2000
fold_2,A2,B1,MAE,-9.73545383932568,-13.611095039131664,-5.592159362303967,2000
fold_2,A2,B1,WIS,-4.066535971180354,-6.020523758056925,-1.8626293828139244,2000
fold_2,A2,B2,MAE,0.6242670141293143,0.08588981509688041,1.3888292512383347,2000
fold_2,A2,B2,WIS,0.7188381941680051,0.2604331530118754,1.3391153833272427,2000
fold_2,A2,B3,MAE,-1.3628278835067533,-2.1611438914808954,-0.3993830565197721,2000
fold_2,A2,B3,WIS,-0.4741984899513012,-0.9268678837707258,0.10208425293913817,2000
fold_2,A3,B0,MAE,-6.685538870030614,-9.53180245170232,-4.359963158213834,2000
fold_2,A3,B0,WIS,-4.769040394059991,-6.70348305993153,-3.182675816092512,2000
fold_2,A3,B1,MAE,-10.551033058081833,-14.393400354289671,-6.5255446606307235,2000
fold_2,A3,B1,WIS,-4.705259488654273,-6.589922041014412,-2.613328330697615,2000
fold_2,A3,B2,MAE,-0.19131220462683807,-0.5991953324047068,0.2941632918668683,2000
fold_2,A3,B2,WIS,0.08011467669408567,-0.2533729967960679,0.48956805214033083,2000
fold_2,A3,B3,MAE,-2.1784071022629057,-3.0405379817499947,-1.3596257149465558,2000
fold_2,A3,B3,WIS,-1.1129220074252206,-1.5427476030665388,-0.6602371227110904,2000
fold_2,A4,B0,MAE,-4.935636286771626,-7.345188869099273,-3.192575892448393,2000
fold_2,A4,B0,WIS,-3.882750694192235,-5.558523578370281,-2.6465129450673794,2000
fold_2,A4,B1,MAE,-8.801130474822845,-12.714257250443554,-4.70476298108602,2000
fold_2,A4,B1,WIS,-3.818969788786517,-5.797989627140961,-1.5830096180301965,2000
fold_2,A4,B2,MAE,1.5585903786321502,0.7752531822925262,2.347999469126855,2000
fold_2,A4,B2,WIS,0.966404376561842,0.4294916751593906,1.4723574600722278,2000
fold_2,A4,B3,MAE,-0.4285045190039174,-1.597863958553122,0.6533829369742513,2000
fold_2,A4,B3,WIS,-0.22663230755746433,-0.8453496870452006,0.39624911007438374,2000
fold_2,A5,B0,MAE,-6.632801150511149,-9.434935449748833,-4.446304563565684,2000
fold_2,A5,B0,WIS,-4.714469714540988,-6.563204454288697,-3.202882302140495,2000
fold_2,A5,B1,MAE,-10.498295338562368,-14.332415734294196,-6.524242219112381,2000
fold_2,A5,B1,WIS,-4.6506888091352705,-6.565782570292771,-2.5619943571068893,2000
fold_2,A5,B2,MAE,-0.13857448510737314,-0.5398512587417815,0.2752974023336194,2000
fold_2,A5,B2,WIS,0.13468535621308853,-0.19868579857407304,0.5182808017724103,2000
fold_2,A5,B3,MAE,-2.1256693827434407,-3.04024990484969,-1.351974392597074,2000
fold_2,A5,B3,WIS,-1.0583513279062178,-1.5107905717979797,-0.5952627074771512,2000
fold_3,A1,B0,MAE,-35.73611032376832,-55.06080061809873,-19.881192113514953,2000
fold_3,A1,B0,WIS,-21.27235257295745,-34.15060873613665,-10.24212013838668,2000
fold_3,A1,B1,MAE,-89.78008939484815,-138.12078404252955,-56.01965967365073,2000
fold_3,A1,B1,WIS,-57.480742127440934,-94.26998801002232,-32.53393177741546,2000
fold_3,A1,B2,MAE,-2.7950618678878385,-5.83030686454955,0.3702908336760145,2000
fold_3,A1,B2,WIS,-1.8696349390715845,-3.7816298781611954,-0.06499225341928089,2000
fold_3,A1,B3,MAE,-19.402754696911067,-26.413962864549706,-14.265279489837852,2000
fold_3,A1,B3,WIS,-9.128785262440392,-12.964756694371312,-6.399796445794447,2000
fold_3,A2,B0,MAE,-20.503234864263078,-33.810646055369915,-8.999612433148316,2000
fold_3,A2,B0,WIS,-13.829769874843045,-22.455313196687904,-5.822818759694877,2000
fold_3,A2,B1,MAE,-74.5472139353429,-122.50880203432885,-41.961318897461425,2000
fold_3,A2,B1,WIS,-50.038159429326534,-87.47821863902037,-24.90833422580095,2000
fold_3,A2,B2,MAE,12.437813591617406,3.7273316767523026,24.346493956792784,2000
fold_3,A2,B2,WIS,5.572947759042819,0.032012426066974894,12.153151721352392,2000
fold_3,A2,B3,MAE,-4.169879237405823,-12.760815958679315,5.490429554703423,2000
fold_3,A2,B3,WIS,-1.6862025643259884,-6.823809608845197,3.1848846070364503,2000
fold_3,A3,B0,MAE,-32.394346854848315,-49.758408546928756,-18.03155009350394,2000
fold_3,A3,B0,WIS,-19.822267387699807,-31.084921543706283,-9.826440881775538,2000
fold_3,A3,B1,MAE,-86.43832592592813,-133.62627441040777,-54.14111794670718,2000
fold_3,A3,B1,WIS,-56.0306569421833,-93.08132909454393,-31.20103756985795,2000
fold_3,A3,B2,MAE,0.5467016010321686,-4.6765628134249155,6.561319491375546,2000
fold_3,A3,B2,WIS,-0.41954975381394277,-3.815385917982226,2.943399195712744,2000
fold_3,A3,B3,MAE,-16.06099122799106,-22.6747488602742,-10.700288877860837,2000
fold_3,A3,B3,WIS,-7.67870007718275,-11.446264091778636,-5.024135242011587,2000
fold_3,A4,B0,MAE,-24.738836507982725,-39.298608928629655,-11.73906876272024,2000
fold_3,A4,B0,WIS,-15.339864693617614,-25.790169215152805,-5.393715702113318,2000
fold_3,A4,B1,MAE,-78.78281557906254,-127.25678641688994,-43.31503643149577,2000
fold_3,A4,B1,WIS,-51.5482542481011,-88.93810125802123,-25.424888320509826,2000
fold_3,A4,B2,MAE,8.202211947897759,1.7678383309106074,15.723241598661334,2000
fold_3,A4,B2,WIS,4.06285294026825,0.5025452449496444,8.396780520064757,2000
fold_3,A4,B3,MAE,-8.40548088112547,-15.95314030040173,-1.6597898768303334,2000
fold_3,A4,B3,WIS,-3.196297383100557,-6.837331231023272,0.3392784830155548,2000
fold_3,A5,B0,MAE,-31.83403810787354,-48.6873919135484,-17.522513666380735,2000
fold_3,A5,B0,WIS,-19.400759261630796,-30.422575696232197,-9.414385032478533,2000
fold_3,A5,B1,MAE,-85.87801717895336,-133.05703062202062,-52.49444775608283,2000
fold_3,A5,B1,WIS,-55.609148816114285,-92.5341375871814,-30.744886932969575,2000
fold_3,A5,B2,MAE,1.1070103480069449,-3.7117446647738905,6.658559918804469,2000
fold_3,A5,B2,WIS,0.0019583722550677862,-3.030264628768294,3.1456483173346657,2000
fold_3,A5,B3,MAE,-15.500682481016284,-21.903727183034395,-10.674259287464455,2000
fold_3,A5,B3,WIS,-7.2571919511137395,-10.681128462227328,-4.80205434252392,2000
fold_4,A1,B0,MAE,-6.244120285789247,-8.144341801491034,-4.2074856315800995,2000
fold_4,A1,B0,WIS,-4.474280057340611,-5.397355807316415,-3.488042330665609,2000
fold_4,A1,B1,MAE,-3.3248270590325397,-4.710938029660966,-1.8934041425446786,2000
fold_4,A1,B1,WIS,-1.2839903831964268,-1.9843087448902847,-0.40839108231898313,2000
fold_4,A1,B2,MAE,0.1998352015884457,-0.2632522141253393,0.8183128727125366,2000
fold_4,A1,B2,WIS,0.18150876371472968,-0.10750578390756997,0.5717008953382964,2000
fold_4,A1,B3,MAE,-1.6584483230908837,-3.0124273357240443,-0.28554702320820935,2000
fold_4,A1,B3,WIS,-0.8712549200509923,-1.5949696067164556,-0.15452998984086827,2000
fold_4,A2,B0,MAE,-3.7644776169573753,-5.192335528556736,-2.3278330374031473,2000
fold_4,A2,B0,WIS,-3.1532849791688786,-3.9517082440163906,-2.351682849403379,2000
fold_4,A2,B1,MAE,-0.8451843902006679,-2.0955987148167745,0.34987950416345076,2000
fold_4,A2,B1,WIS,0.03700469497530534,-0.6911391354839052,0.8074836399933736,2000
fold_4,A2,B2,MAE,2.6794778704203175,1.358085020969214,4.121527816946581,2000
fold_4,A2,B2,WIS,1.5025038418864618,0.8050653952396983,2.2491478536834766,2000
fold_4,A2,B3,MAE,0.821194345740988,-0.021797276693250905,1.8086573968119355,2000
fold_4,A2,B3,WIS,0.44974015812073986,0.038601170252761996,0.9362990174327456,2000
fold_4,A3,B0,MAE,-6.205814679137962,-7.771107420227224,-4.558109559272028,2000
fold_4,A3,B0,WIS,-4.435025136796563,-5.227263342570346,-3.5611536332671063,2000
fold_4,A3,B1,MAE,-3.2865214523812547,-4.34935390938664,-2.302213641819813,2000
fold_4,A3,B1,WIS,-1.244735462652379,-1.8705046151024678,-0.5028004783624798,2000
fold_4,A3,B2,MAE,0.23814080823973072,-0.5408748338521343,1.0575629614809507,2000
fold_4,A3,B2,WIS,0.22076368425877746,-0.18685653389538082,0.668638882013722,2000
fold_4,A3,B3,MAE,-1.6201427164395987,-2.480244910593775,-0.6434536585832396,2000
fold_4,A3,B3,WIS,-0.8319999995069445,-1.3062634494265777,-0.3123681407441046,2000
fold_4,A4,B0,MAE,-4.705393018999686,-7.110444461959858,-2.5384725425429444,2000
fold_4,A4,B0,WIS,-3.391740348914267,-4.63841266195995,-2.3254863359321267,2000
fold_4,A4,B1,MAE,-1.7860997922429789,-3.6412153513105454,-0.18875483702241694,2000
fold_4,A4,B1,WIS,-0.20145067477008283,-1.235132988098374,0.7557971290575195,2000
fold_4,A4,B2,MAE,1.7385624683780065,0.550556233308304,2.6197155206490463,2000
fold_4,A4,B2,WIS,1.2640484721410736,0.5541842485959608,1.7788367580292759,2000
fold_4,A4,B3,MAE,-0.1197210563013229,-1.75950768176122,1.3475368345704901,2000
fold_4,A4,B3,WIS,0.2112847883753517,-0.6644043628445353,0.9468656599366064,2000
fold_4,A5,B0,MAE,-6.473855134677272,-8.289364120222725,-4.750579921285601,2000
fold_4,A5,B0,WIS,-4.599942372847922,-5.558350172615069,-3.702436879753949,2000
fold_4,A5,B1,MAE,-3.554561907920565,-4.779362852053245,-2.524876963082466,2000
fold_4,A5,B1,WIS,-1.4096526987037379,-2.1617397222416472,-0.6463595799756986,2000
fold_4,A5,B2,MAE,-0.029899647299579613,-0.7403004267951722,0.5779175590741757,2000
fold_4,A5,B2,WIS,0.055846448207418575,-0.3473448946095649,0.37055280969952636,2000
fold_4,A5,B3,MAE,-1.888183171978909,-2.8450880228901276,-1.0180725961712256,2000
fold_4,A5,B3,WIS,-0.9969172355583034,-1.5188110176885539,-0.5404587317773637,2000
fold_5,A1,B0,MAE,-11.070637540964,-15.323447509932842,-5.564445803465535,2000
fold_5,A1,B0,WIS,-6.188206877907662,-8.373119980121974,-3.2480832726833584,2000
fold_5,A1,B1,MAE,-3.7047979930519084,-6.706339292495035,-1.1884242493201418,2000
fold_5,A1,B1,WIS,-1.7319013913779173,-3.495069912921661,-0.10920018692729105,2000
fold_5,A1,B2,MAE,0.28339641080309974,-0.646616200627534,0.8540655837874941,2000
fold_5,A1,B2,WIS,0.22805589005371196,-0.19528006870474535,0.564234031432101,2000
fold_5,A1,B3,MAE,-5.9509323815164805,-8.872725591944896,-3.2665425516435462,2000
fold_5,A1,B3,WIS,-2.8427867323683156,-4.6842491664798525,-1.3206249618610248,2000
fold_5,A2,B0,MAE,-5.658392995160501,-7.6268685146764925,-2.7078041336560683,2000
fold_5,A2,B0,WIS,-3.8215282423820724,-4.888755246579312,-1.9423550358151476,2000
fold_5,A2,B1,MAE,1.7074465527515912,-0.39853718408056515,3.871588937115791,2000
fold_5,A2,B1,WIS,0.6347772441476724,-0.388676990381798,1.7474925017087333,2000
fold_5,A2,B2,MAE,5.695640956606599,2.177012729876876,8.968919927103363,2000
fold_5,A2,B2,WIS,2.5947345255793017,1.1872427235774747,4.000068179804668,2000
fold_5,A2,B3,MAE,-0.538687835712981,-2.3371823261018734,1.3078316112113035,2000
fold_5,A2,B3,WIS,-0.4761080968427258,-1.448326528355813,0.4737582569797716,2000
fold_5,A3,B0,MAE,-9.825686198968203,-13.08101195006167,-5.366261193421949,2000
fold_5,A3,B0,WIS,-5.759902605414812,-7.526987039268995,-3.134051741370218,2000
fold_5,A3,B1,MAE,-2.459846651056111,-4.690395135535822,-0.5194825473335561,2000
fold_5,A3,B1,WIS,-1.303597118885067,-2.7327649402337792,0.01996289873046193,2000
fold_5,A3,B2,MAE,1.5283477527988971,-0.24290483865684415,3.0107930553728632,2000
fold_5,A3,B2,WIS,0.6563601625465623,0.03914644917021119,1.2295431430704937,2000
fold_5,A3,B3,MAE,-4.705981039520683,-6.938284578805272,-2.650073299840975,2000
fold_5,A3,B3,WIS,-2.4144824598754653,-3.899097478857854,-1.2078753054775442,2000
fold_5,A4,B0,MAE,-7.916672610369314,-11.138546712906154,-3.0820834582007213,2000
fold_5,A4,B0,WIS,-4.597498683593246,-6.172782410570806,-1.9706957931894578,2000
fold_5,A4,B1,MAE,-0.5508330624572224,-2.9983622834965926,2.202792699775371,2000
fold_5,A4,B1,WIS,-0.14119319706350097,-1.6564350767606772,1.651058056804123,2000
fold_5,A4,B2,MAE,3.4373613413977857,1.429693504791688,5.400035276168367,2000
fold_5,A4,B2,WIS,1.8187640843681283,0.827781877981666,2.999507829902113,2000
fold_5,A4,B3,MAE,-2.7969674509217946,-5.230419913343616,0.026916660409309043,2000
fold_5,A4,B3,WIS,-1.2520785380538992,-2.8699630753084815,0.39526699380690616,2000
fold_5,A5,B0,MAE,-9.959217571972587,-13.244640618764823,-5.376930242280235,2000
fold_5,A5,B0,WIS,-5.8931521418064605,-7.678099392991786,-3.24526656551052,2000
fold_5,A5,B1,MAE,-2.5933780240604953,-4.956277747702738,-0.37366973928238334,2000
fold_5,A5,B1,WIS,-1.4368466552767156,-2.9482061201151004,0.022901259727846783,2000
fold_5,A5,B2,MAE,1.3948163797945128,-0.3630314158824158,2.9222681745057653,2000
fold_5,A5,B2,WIS,0.5231106261549137,-0.07441054651618995,1.1082849235368084,2000
fold_5,A5,B3,MAE,-4.8395124125250675,-7.20988933733057,-2.544224836400074,2000
fold_5,A5,B3,WIS,-2.547731996267114,-4.1027128708179115,-1.2284810778663897,2000
equal_fold,A1,B0,MAE,-12.216037960199614,-16.05851540621143,-8.63050179931825,2000
equal_fold,A1,B0,WIS,-7.635920281169017,-10.21935897772899,-5.2348062205774735,2000
equal_fold,A1,B1,MAE,-21.336856018397846,-31.029987170077806,-14.32263270374083,2000
equal_fold,A1,B1,WIS,-12.994240564291928,-20.389041166081263,-7.830729381802976,2000
equal_fold,A1,B2,MAE,-0.28661108696516635,-0.946318800705345,0.38873824520889544,2000
equal_fold,A1,B2,WIS,-0.21925972945636651,-0.6317070112044879,0.17813730636257172,2000
equal_fold,A1,B3,MAE,-5.681763216763407,-7.225310559713801,-4.469172004627058,2000
equal_fold,A1,B3,WIS,-2.7473941140630256,-3.6139300578651445,-2.142425971166594,2000
equal_fold,A2,B0,MAE,-7.477313799611483,-10.095941196712507,-4.864984929136514,2000
equal_fold,A2,B0,WIS,-5.290933329679245,-7.05797363689891,-3.479075278601214,2000
equal_fold,A2,B1,MAE,-16.598131857809715,-26.142506796303714,-9.890500506443958,2000
equal_fold,A2,B1,WIS,-10.649253612802156,-18.06311146207284,-5.500487055967574,2000
equal_fold,A2,B2,MAE,4.452113073622964,2.527378764309908,6.892552879693487,2000
equal_fold,A2,B2,WIS,2.1257272220334062,0.9735656040349911,3.4653385362462004,2000
equal_fold,A2,B3,MAE,-0.9430390561752766,-2.7201774113524193,0.9802678340844286,2000
equal_fold,A2,B3,WIS,-0.4024071625732528,-1.4440878928011314,0.5732717337600491,2000
equal_fold,A3,B0,MAE,-11.47231832193831,-14.896647918395846,-8.205188957328135,2000
equal_fold,A3,B0,WIS,-7.320389989667593,-9.560229576710734,-5.151262207203121,2000
equal_fold,A3,B1,MAE,-20.593136380136542,-30.14638760271844,-13.691930909100405,2000
equal_fold,A3,B1,WIS,-12.678710272790504,-20.043057805822304,-7.6318140980693085,2000
equal_fold,A3,B2,MAE,0.4571085512961375,-0.6641594783343481,1.7283962998867062,2000
equal_fold,A3,B2,WIS,0.09627056204505813,-0.5832426753260389,0.7962540247783768,2000
equal_fold,A3,B3,MAE,-4.9380435785021035,-6.362887755068248,-3.7709039137289944,2000
equal_fold,A3,B3,WIS,-2.431863822561601,-3.238798705026007,-1.8271198185988522,2000
equal_fold,A4,B0,MAE,-8.673673072589885,-11.60820544836051,-5.7325382187024925,2000
equal_fold,A4,B0,WIS,-5.661058649660113,-7.783763583556298,-3.5455845078963284,2000
equal_fold,A4,B1,MAE,-17.794491130788117,-27.563334757866674,-10.425438914697288,2000
equal_fold,A4,B1,WIS,-11.019378932783024,-18.573362987106275,-5.622721834510852,2000
equal_fold,A4,B2,MAE,3.2557538006445625,1.8609438055014538,4.833750830051422,2000
equal_fold,A4,B2,WIS,1.755601902052538,0.9998838412748114,2.688500116506727,2000
equal_fold,A4,B3,MAE,-2.1393983291536784,-3.835017056730889,-0.6467772888475847,2000
equal_fold,A4,B3,WIS,-0.7725324825541211,-1.6382267488690436,0.0068544967856829266,2000
equal_fold,A5,B0,MAE,-11.408338558022493,-14.838182444565643,-8.160291543364517,2000
equal_fold,A5,B0,WIS,-7.269786601499963,-9.528256760927718,-5.122443609432081,2000
equal_fold,A5,B1,MAE,-20.529156616220725,-30.24197134384876,-13.537716601233186,2000
equal_fold,A5,B1,WIS,-12.628106884622873,-20.020041620177363,-7.448789703932928,2000
equal_fold,A5,B2,MAE,0.521088315211955,-0.5120196563276675,1.6844324281899483,2000
equal_fold,A5,B2,WIS,0.14687395021268834,-0.456179561440298,0.8262350821722536,2000
equal_fold,A5,B3,MAE,-4.874063814586286,-6.249130385410695,-3.761225404421553,2000
equal_fold,A5,B3,WIS,-2.3812604343939707,-3.152619516730606,-1.7955904727860859,2000
