policy,fold,n_hours,n_days,first_delivery_date,last_delivery_date,MAE,RMSE,WIS,mean_pinball_7,raw_central_MAE,centering_effect,bias,daily_mean_level_MAE,within_day_shape_MAE,missing_count,crossings,coverage50,hit_count50,lower_miss_count50,upper_miss_count50,mean_width50,median_width50,p95_width50,coverage80,hit_count80,lower_miss_count80,upper_miss_count80,mean_width80,median_width80,p95_width80,coverage95,hit_count95,lower_miss_count95,upper_miss_count95,mean_width95,median_width95,p95_width95,window_start,window_end,calendar_days
A1,fold_1,2160,90,2020-07-01,2020-09-28,6.819900081534383,10.7139391922076,4.10385611923026,2.05192805961513,6.711440377563845,0.1084597039705377,-0.284471388695003,5.634080133377617,4.833135627787794,0,0,0.49675925925925923,1073,532,555,9.824772396282885,8.268057318585182,20.353410918560698,0.7731481481481481,1670,228,262,21.652594965803534,18.772257522103665,49.46358144941204,0.9356481481481481,2021,66,73,39.26524416436561,34.97859364833471,86.8150694824761,2020-07-01,2020-09-28,90
A1,fold_2,2159,90,2021-04-01,2021-06-29,9.953359482231182,14.831803465245779,6.246549290927245,3.123274645463622,9.915014668827874,0.038344813403306394,1.238495187615177,7.402120270752935,6.964948262495272,0,0,0.5270958777211672,1138,497,524,14.941718597545291,13.94321358698313,24.345344990320307,0.793886058360352,1714,215,230,34.88562137338292,32.88816522075105,67.58834107681892,0.9314497452524316,2011,72,76,71.93790327960548,64.13481466288763,127.78420430270884,2021-04-01,2021-06-29,90
A1,fold_3,2112,88,2022-07-01,2022-09-28,51.212762782292266,70.0557261622223,30.454607295819592,15.227303647909796,50.586329663872384,0.6264331184198692,4.588528607299196,41.62120354205984,35.48387283237619,0,0,0.4891098484848485,1033,557,522,76.46928490855746,71.22643008424532,112.08595752419649,0.7708333333333334,1628,258,226,162.6043854213884,157.29100641599112,233.2534780059666,0.9422348484848485,1990,64,58,317.06599561501775,294.9471077076421,471.1246370393193,2022-07-01,2022-09-28,90
A1,fold_4,2160,90,2025-05-01,2025-07-29,16.740444529025567,26.035675714065906,10.086960537897482,5.043480268948741,16.71985375254507,0.02059077648049519,1.6312817852173662,9.257862244943029,15.531494840116718,0,0,0.5032407407407408,1087,550,523,23.46452648066488,22.761859360652068,34.394508222518276,0.7976851851851852,1723,221,216,51.765340303706374,50.36468943322953,75.77340773415949,0.9444444444444444,2040,59,61,100.04822617239961,95.37821120759092,143.43826295356504,2025-05-01,2025-07-29,90
A1,fold_5,2156,90,2026-01-08,2026-04-07,19.48163898479388,28.581740222534926,11.75235481475487,5.876177407377435,19.251209532724747,0.2304294520691275,1.2143119433620493,14.404369123595426,14.935923256199475,0,0,0.4976808905380334,1073,551,532,27.993881679214365,29.17540694783513,44.60301981051501,0.8047309833024119,1735,223,198,66.85132335947195,67.8230948403152,105.04267245824242,0.9564007421150278,2062,45,49,147.38136762530092,153.65210215512874,267.59845582794935,2026-01-08,2026-04-07,90
A2,fold_1,2160,90,2020-07-01,2020-09-28,7.042635018486858,10.666090480690121,4.189274806065342,2.094637403032671,6.994848871336825,0.047786147150033854,0.32596076752192954,6.096015127753559,4.503003478244683,0,0,0.49212962962962964,1063,536,561,10.854290567309413,9.912750588087071,25.43255183959868,0.7902777777777777,1707,208,245,22.459499016794243,20.28649726664662,48.751390989621015,0.9425925925925925,2036,50,74,42.30737803070681,36.91086660349195,93.35975816726497,2020-07-01,2020-09-28,90
A2,fold_2,2159,90,2021-04-01,2021-06-29,10.300250370056196,16.078674079167904,6.756803260361205,3.3784016301806026,10.417233062466655,-0.11698269241045976,2.354472232603556,8.188118128743112,6.777635720558288,0,0,0.5275590551181102,1139,471,549,14.934794611157505,12.922967515794163,25.486328445236573,0.8003705419175544,1728,214,217,40.775690188870456,35.75390157474795,81.5942601486152,0.936544696618805,2022,68,69,83.62371203809086,72.4585305593057,156.23976328571496,2021-04-01,2021-06-29,90
A2,fold_3,2112,88,2022-07-01,2022-09-28,66.44563824179751,88.07522223517655,37.897189993933985,18.948594996966992,64.19542650011384,2.2502117416836667,13.210683401531666,58.116386326704216,35.22304969153892,0,0,0.4616477272727273,975,630,507,97.0929931399347,90.84235891973753,164.91468288585546,0.75,1584,295,233,196.27642382195296,188.08997033724683,314.65308349029726,0.9261363636363636,1956,95,61,337.98299631191804,311.48732123855274,574.7072943432348,2022-07-01,2022-09-28,90
A2,fold_4,2160,90,2025-05-01,2025-07-29,19.220087197857442,28.54777995192793,11.407955616069213,5.703977808034606,19.131644413936925,0.08844278392051232,0.7318180745433842,12.892427427038724,15.69648446751558,0,0,0.5087962962962963,1099,523,538,28.293517966573873,28.031595186710298,45.39516108207758,0.7949074074074074,1717,214,229,61.78046824801786,61.5873371560717,91.56560987129495,0.9402777777777778,2031,58,71,108.96835576212554,108.33894004725863,157.94225067689678,2025-05-01,2025-07-29,90
A2,fold_5,2156,90,2026-01-08,2026-04-07,24.874233377098832,35.17316934621324,14.114153653438713,7.0570768267193555,23.85140909074821,1.0228242863506267,2.004218566307917,20.914133516091137,15.40679040903101,0,0,0.4587198515769944,989,611,556,38.1016577872335,34.500692641711396,70.54285200974552,0.7852504638218923,1693,281,182,77.34955096811805,75.38730954431293,122.83751208386506,0.9355287569573284,2017,80,59,165.2859747487388,175.18170105629972,277.8586727292831,2026-01-08,2026-04-07,90
A3,fold_1,2160,90,2020-07-01,2020-09-28,6.382933882182404,10.165948392795718,3.893327057114685,1.9466635285573426,6.39935420984563,-0.016420327663226892,0.07697330942645093,5.602661544579648,4.370822248089257,0,0,0.5,1080,535,545,9.164707626393003,7.993482731035273,18.710703373578433,0.7791666666666667,1683,223,254,20.783669061193393,18.316492867229712,49.05671641676969,0.9402777777777778,2031,56,73,38.205315515882695,34.36201812402973,82.85625854344951,2020-07-01,2020-09-28,90
A3,fold_2,2159,90,2021-04-01,2021-06-29,9.483962242631044,14.685742441148502,6.117502260395768,3.058751130197884,9.518855613449665,-0.03489337081861935,1.827737375904411,7.404232675008491,6.3225929810854105,0,0,0.5303381194997684,1145,472,542,13.52539280061432,12.52648242917256,22.533512210038367,0.7901806391848077,1706,222,231,35.74795133256948,32.19398810928341,68.9972812512902,0.9383974062065771,2026,66,67,73.8084508633783,63.261994567159014,132.40576966650343,2021-04-01,2021-06-29,90
A3,fold_3,2112,88,2022-07-01,2022-09-28,54.55452625121228,73.6942852996732,31.904692481077234,15.952346240538617,52.81186008548863,1.7426661657236424,9.541250137247347,46.008545795443005,32.93401306733024,0,0,0.47490530303030304,1003,599,510,77.30625539169807,77.16600366926042,121.64771688021324,0.759469696969697,1604,280,228,164.08034409561117,162.34962920443908,250.94453637554227,0.9318181818181818,1968,82,62,314.62152165079897,295.75063400570764,504.8932730684327,2022-07-01,2022-09-28,90
A3,fold_4,2160,90,2025-05-01,2025-07-29,16.778750135676855,25.914649628893876,10.12621545844153,5.063107729220765,16.704346420316778,0.07440371536007549,1.2676433644560512,10.240380187897506,14.787873208272067,0,0,0.49953703703703706,1079,538,543,23.942711608113427,24.297750124353893,37.66119186914366,0.7986111111111112,1725,218,217,54.033508065112834,52.01880429090051,81.44110897331782,0.9416666666666667,2034,62,64,96.5742886845386,94.29563219486552,143.09070325477938,2025-05-01,2025-07-29,90
A3,fold_5,2156,90,2026-01-08,2026-04-07,20.72184536837457,29.917243729384154,12.18007793929282,6.09003896964641,20.126083237080913,0.5957621312936591,1.4332699239189728,16.707289763446166,14.336299619260298,0,0,0.474025974025974,1022,609,525,31.307169411817007,30.236598126357194,55.45520766311719,0.7935992578849722,1711,239,206,67.2005898798883,65.25657935503574,106.02579014711762,0.9499072356215214,2048,53,55,150.70741724026846,156.02165073919235,262.8756437967193,2026-01-08,2026-04-07,90
A4,fold_1,2160,90,2020-07-01,2020-09-28,7.561311950062784,11.899459271453212,4.615602653498288,2.307801326749144,7.413290492370112,0.14802145769267233,-0.1467476403882879,5.881807292001646,5.651571313059866,0,0,0.49583333333333335,1071,534,555,10.9374704696126,9.065456094719758,23.189330332966644,0.774537037037037,1673,237,250,23.718414525558067,20.12416092399642,56.56395920685371,0.9282407407407407,2005,74,81,44.80475570342294,37.61735847965387,102.96452350806359,2020-07-01,2020-09-28,90
A4,fold_2,2159,90,2021-04-01,2021-06-29,11.233963033733081,16.4236166918629,7.003969482856591,3.5019847414282954,11.025245939257061,0.20871709447601824,1.0432845249058245,8.776549261791962,7.827673538870456,0,0,0.5002315886984715,1080,502,577,15.971545749929941,14.716088216044461,28.50127960245779,0.7818434460398332,1688,215,256,40.47838234620828,36.31471475706038,77.54187706694177,0.9379342288096341,2025,65,69,78.45193041312716,72.380985271792,138.66542484397485,2021-04-01,2021-06-29,90
A4,fold_3,2112,88,2022-07-01,2022-09-28,62.21003659807786,84.46741467825343,36.38709517515944,18.19354758757972,60.17047445470223,2.0395621433756332,6.710600308110475,51.96166919229037,39.75674193495225,0,0,0.46448863636363635,981,592,539,89.16669013707747,85.23571194939514,130.37682964667522,0.7765151515151515,1640,256,216,193.0650469019385,173.69771995018704,294.8370993549323,0.9266098484848485,1957,88,67,348.23076742500945,325.89522780719017,548.8586009685898,2022-07-01,2022-09-28,90
A4,fold_4,2160,90,2025-05-01,2025-07-29,18.279171795815127,28.298777885801623,11.169500246323828,5.584750123161914,18.18581246452517,0.09335933128995855,0.8859867409634211,11.658822785348427,16.88221901471248,0,0,0.49537037037037035,1070,545,545,23.957329782331787,23.73680319500575,32.51285514801965,0.7976851851851852,1723,206,231,58.40012328102051,56.86558246499453,89.90234533784161,0.9490740740740741,2050,51,59,114.38357064063467,110.43322061159607,182.32056975758618,2025-05-01,2025-07-29,90
A4,fold_5,2156,90,2026-01-08,2026-04-07,22.634874530249814,32.865220744949696,13.342811981809843,6.671405990904922,22.260274028172894,0.37460050207692036,3.530503086297373,16.872833779958647,17.600695667588425,0,0,0.48144712430426717,1038,596,522,33.30652552329457,30.8881707924064,57.58927938112758,0.7852504638218923,1693,261,202,72.94521698057709,67.63159132830518,120.16573678014221,0.948051948051948,2044,57,55,162.02492403416116,169.98551137654036,270.6550419476068,2026-01-08,2026-04-07,90
A5,fold_1,2160,90,2020-07-01,2020-09-28,6.491358063810941,10.36854154709777,3.968431964807843,1.984215982403922,6.436075681072197,0.05528238273874388,0.06295488162821515,5.634399424021086,4.500306182970063,0,0,0.49074074074074076,1060,550,550,9.217788579024479,8.081981460404094,18.919906272276105,0.7722222222222223,1668,236,256,20.77717761139728,17.94711438872218,50.57277055555846,0.9351851851851852,2020,65,75,39.17874662408062,34.24476301791083,85.65448085877424,2020-07-01,2020-09-28,90
A5,fold_2,2159,90,2021-04-01,2021-06-29,9.537144380613197,14.734585315703455,6.1724366615860635,3.0862183307930318,9.571854603445535,-0.03471022283233705,1.7036134123681566,7.480571226694238,6.450185108470753,0,0,0.5094951366373321,1100,496,563,13.622909339799836,12.755622626457928,23.065845729120724,0.7860120426123205,1697,221,241,35.862214742577166,31.755603399373882,71.06785901139088,0.9351551644279759,2019,68,72,73.49142698351007,65.28259752053053,132.16243637052395,2021-04-01,2021-06-29,90
A5,fold_3,2112,88,2022-07-01,2022-09-28,55.114834998187035,74.26954225990488,32.32620060714625,16.163100303573124,53.29270936906545,1.8221256291215884,8.463640878630736,47.23643716600089,33.31898572296222,0,0,0.4654356060606061,983,601,528,78.10877594442054,78.03915313136801,119.59589224779,0.7646780303030303,1615,267,230,169.54412170966611,164.08337980969284,255.47235225565058,0.9341856060606061,1973,84,55,319.468862229651,299.330079964126,520.6917713702492,2022-07-01,2022-09-28,90
A5,fold_4,2160,90,2025-05-01,2025-07-29,16.510709680137534,25.708475260702485,9.961298222390175,4.9806491111950875,16.438400414540027,0.0723092655975084,1.337998410003071,10.127939853844923,14.786990166501573,0,0,0.5,1080,549,531,22.860102373636884,24.124588827879442,34.79425258047301,0.7981481481481482,1724,215,221,51.27289254800538,49.30730879612666,74.85007555936102,0.9430555555555555,2037,56,67,97.02619920087731,94.49848941149719,143.95226638507464,2025-05-01,2025-07-29,90
A5,fold_5,2156,90,2026-01-08,2026-04-07,20.5906348386011,29.68924756007073,12.04735622594658,6.02367811297329,20.02569969444109,0.5649351441600059,2.069775864316057,16.552109694082414,14.296248022077329,0,0,0.4865491651205937,1049,592,515,31.088468193483788,29.068541647402384,54.170702507222266,0.787569573283859,1698,249,209,65.36732937346117,63.660315324348595,106.1648506230085,0.9512987012987013,2051,56,49,149.7172071789626,150.60634621824246,267.73981105597545,2026-01-08,2026-04-07,90
B0,fold_1,2160,90,2020-07-01,2020-09-28,8.633138888888888,14.550374132901442,5.709041481481482,2.8545207407407407,8.590592592592593,0.04254629629629636,0.26563888888888904,7.3831759259259275,6.303100694444444,0,0,0.4597222222222222,993,613,554,8.888944444444443,8.280000000000001,12.805,0.7416666666666667,1602,290,268,22.774811111111106,22.486499999999992,32.977999999999994,0.9199074074074074,1987,92,81,51.30301666666668,52.94800000000002,64.09700000000002,2020-07-01,2020-09-28,90
B0,fold_2,2159,90,2021-04-01,2021-06-29,16.171625752663275,25.672794231259175,10.88716980083372,5.44358490041686,16.242139879573877,-0.0705141269106068,-1.2664242704955992,14.462467995169082,9.255120577159312,0,0,0.5173691523853636,1117,478,564,17.965217693376562,18.477499999999992,22.69,0.7744326076887448,1672,217,270,54.29137193144974,56.14,67.061,0.9147753589624826,1975,76,108,114.57869198703105,122.38525000000016,136.9025,2021-04-01,2021-06-29,90
B0,fold_3,2112,88,2022-07-01,2022-09-28,86.9488731060606,121.60900672043293,51.72695986877705,25.863479934388526,85.65789299242422,1.2909801136363646,9.941519886363636,76.61560132575758,41.74388809974748,0,0,0.41051136363636365,867,642,603,103.48724431818182,101.37125000000003,185.1675,0.7182765151515151,1517,318,277,238.9440795454545,216.11599999999996,423.89000000000004,0.8768939393939394,1852,142,118,376.3510369318182,335.24700000000007,568.1875,2022-07-01,2022-09-28,90
B0,fold_4,2160,90,2025-05-01,2025-07-29,22.984564814814817,36.35392467286538,14.561240595238095,7.2806202976190475,22.84526851851852,0.13929629629629584,-0.4930370370370366,15.530240740740737,20.24671875,0,0,0.5064814814814815,1094,517,549,28.258,25.23249999999999,40.63249999999999,0.8143518518518519,1759,187,214,75.79389999999998,73.01649999999998,102.544,0.9398148148148148,2030,67,63,149.50966666666667,151.690125,171.30200000000002,2025-05-01,2025-07-29,90
B0,fold_5,2156,90,2026-01-08,2026-04-07,30.503414888682755,43.69833951035703,17.915066285117945,8.957533142558972,30.09608070500928,0.40733418367347035,2.600382653061225,25.717598530595822,19.360029051887555,0,0,0.4155844155844156,896,644,616,33.25323457792208,25.258124999999993,63.71625,0.7082560296846011,1527,312,317,79.09610992578848,69.39349999999999,139.71749999999997,0.8849721706864564,1908,126,122,145.8799979128015,159.31156250000004,197.99312500000002,2026-01-08,2026-04-07,90
B1,fold_1,2160,90,2020-07-01,2020-09-28,6.6128886954178006,10.821226795773368,4.0026294086922105,2.0013147043461053,6.644541232166757,-0.0316525367489561,-0.8034800263162767,5.607534172310233,4.441553798961657,0,0,0.3902777777777778,843,569,748,7.065185550140391,6.562474829363394,13.614609039968048,0.6763888888888889,1461,296,403,14.753674024354854,13.782884921698923,26.54875833683153,0.8944444444444445,1932,113,115,27.22446992436816,25.77696030215912,43.65979207173266,2020-07-01,2020-09-28,90
B1,fold_2,2159,90,2021-04-01,2021-06-29,20.03914109230744,24.60158139432297,10.824925546830002,5.412462773415001,20.03906532944399,7.576286345050186e-05,-11.887317902059083,17.748464194965795,9.065828279924197,0,0,0.23714682723483094,512,243,1404,20.61224099330952,21.1852559551227,28.402788652578046,0.5062528948587309,1093,195,871,33.82735686156299,33.70284927294212,46.2999921063924,0.8832792959703566,1907,110,142,67.26792804831932,66.45761756523461,92.88351169924894,2021-04-01,2021-06-29,90
B1,fold_3,2112,88,2022-07-01,2022-09-28,140.9928521771404,175.84915342062834,87.93534942326052,43.96767471163026,141.007962544039,-0.015110366898565883,-124.48698951327908,133.39896612970588,47.928891092241685,0,0,0.20880681818181818,441,152,1519,118.22169988514405,118.85286684537249,173.96247892616137,0.3527462121212121,745,102,1265,198.61746658772785,197.15985178408476,279.59606772704365,0.5553977272727273,1173,22,917,330.900820003033,321.7863714001095,450.8272737496083,2022-07-01,2022-09-28,90
B1,fold_4,2160,90,2025-05-01,2025-07-29,20.06527158805811,29.712497951330132,11.370950921093906,5.685475460546953,20.10430225358185,-0.039030665523742014,4.512356385457043,13.887523014144325,16.442030812203225,0,0,0.46805555555555556,1011,590,559,27.832901191725316,25.99143086819521,48.74233023343037,0.8125,1755,319,86,62.582014081321134,60.9319585671342,90.55528584404198,0.9625,2079,66,15,116.35558160617329,113.6098095859333,151.79818613088457,2025-05-01,2025-07-29,90
B1,fold_5,2156,90,2026-01-08,2026-04-07,23.168349101365912,32.91769317260091,13.470357590829112,6.735178795414556,23.164312380640144,0.004036720725766723,0.5349224725225775,18.488319213596345,15.604500869185463,0,0,0.5148423005565863,1110,490,556,35.60975573327247,33.67060133711682,56.79240173463576,0.7866419294990723,1696,239,221,70.27236024149362,66.51056903102605,104.41025855505129,0.9239332096474954,1992,95,69,116.96555052387271,112.5630910207085,177.88647382804686,2026-01-08,2026-04-07,90
B2,fold_1,2160,90,2020-07-01,2020-09-28,6.219269083145662,10.657679757299416,3.9496630165748834,1.9748315082874417,6.203372929091896,0.01589615405376493,0.10403145475981315,5.3189314470141325,4.561923247391403,0,0,0.45092592592592595,974,553,633,6.749694967697097,6.150311137284081,10.16654657450416,0.7481481481481481,1616,261,283,16.21910218912214,14.56944240131563,25.503953600924888,0.912962962962963,1972,84,104,34.17077960892051,36.40674448927895,47.624445417291085,2020-07-01,2020-09-28,90
B2,fold_2,2159,90,2021-04-01,2021-06-29,9.676380314770356,15.001715129950888,6.037991118171897,3.0189955590859485,9.756913166350904,-0.08053285158054761,1.9849661826344327,7.931705140998632,6.6025643150292606,0,0,0.48633626679018066,1050,530,579,12.099967451780946,12.130045449699168,15.9099959127808,0.7836961556276054,1692,222,245,31.884259070845815,32.04301323583753,42.852162254500655,0.9393237610004632,2028,68,63,60.417390540388844,61.63102537273009,70.28561654757857,2021-04-01,2021-06-29,90
B2,fold_3,2112,88,2022-07-01,2022-09-28,54.0078246501801,75.05706693059392,32.324242234891194,16.162121117445597,54.2515630341949,-0.2437383840148133,1.8975528945860267,43.37341731848554,38.02323298742718,0,0,0.46448863636363635,981,562,569,69.45217520247341,70.6609402347463,79.64668700249331,0.7623106060606061,1610,242,260,160.58049424453472,162.31812828215092,191.49360009564685,0.9232954545454546,1950,80,82,301.1767520572288,324.6895508124203,361.7284923211689,2022-07-01,2022-09-28,90
B2,fold_4,2160,90,2025-05-01,2025-07-29,16.540609327437128,25.795228887774314,9.905451774182755,4.952725887091377,16.497111553956056,0.04349777348106997,1.4456326663752892,9.483777349909703,15.237292295977767,0,0,0.5185185185185185,1120,523,517,23.649943573961064,23.020675975187814,27.935507222105976,0.8060185185185185,1741,209,210,51.01884086306049,51.734251318267496,56.98948322187951,0.9486111111111111,2049,59,52,95.87075718474625,94.46880388017051,110.17927578366454,2025-05-01,2025-07-29,90
B2,fold_5,2156,90,2026-01-08,2026-04-07,19.202501843799176,27.718969509863385,11.52600775086585,5.763003875432925,19.001243740536616,0.20125810326256183,1.050997200028044,14.278427231298613,14.89074167335184,0,0,0.4587198515769944,989,586,581,24.200960925257778,22.799108737971707,34.50882388707832,0.761595547309833,1642,252,262,54.910366972405065,53.78318019324382,79.00283467069337,0.923469387755102,1991,85,80,106.6880794328336,117.2637765320345,146.15090636185982,2026-01-08,2026-04-07,90
B3,fold_1,2160,90,2020-07-01,2020-09-28,6.507629688478688,10.526574854979174,4.014541625932317,2.0072708129661585,6.494955257294539,0.012674431184148844,0.10992305931799567,5.477333618170371,4.483013414574919,0,0,0.46296296296296297,1000,556,604,7.9717032625224995,7.543748809197648,11.032474253024855,0.7638888888888888,1650,236,274,17.64845051912601,16.20673512771253,24.618778395640305,0.9254629629629629,1999,79,82,35.72453691635477,36.037031562148954,47.505574146174496,2020-07-01,2020-09-28,90
B3,fold_2,2159,90,2021-04-01,2021-06-29,11.663357337065136,17.691289764026603,7.231317452216929,3.6156587261084647,12.085637909115059,-0.4222805720499206,1.4249088451476073,9.84860538031702,7.279192902806954,0,0,0.49421028253821214,1067,492,600,14.727877097816183,14.87074313436056,17.60417329488959,0.77674849467346,1677,207,275,37.74109166989264,36.89191675893668,51.50414219354266,0.9333024548402038,2015,67,77,75.82701484268291,78.41730917796332,89.46774843951658,2021-04-01,2021-06-29,90
B3,fold_3,2112,88,2022-07-01,2022-09-28,70.61551747920332,89.49525277203959,39.58339255825997,19.791696279129987,70.65062700038699,-0.03510952118368396,9.07008142296775,59.55232085250338,39.04802005107438,0,0,0.421875,891,624,597,101.75242554589369,111.7162377220161,133.8517061825976,0.743844696969697,1571,296,245,195.37636349508904,192.9338992621901,270.608033855635,0.9024621212121212,1906,121,85,322.88349932462427,324.5611691397208,439.0428732451811,2022-07-01,2022-09-28,90
B3,fold_4,2160,90,2025-05-01,2025-07-29,18.398892852116457,28.006538572290818,10.958215457948477,5.479107728974238,18.246319969986803,0.15257288212965497,0.4583639055285142,13.023783335924414,15.023955364051812,0,0,0.5212962962962963,1126,499,535,26.709327256653868,26.18247702085388,33.278266844367636,0.8166666666666667,1764,187,209,59.14743885032155,59.599094358059276,69.64594170795608,0.9416666666666667,2034,51,75,105.63408443848421,106.24913404991077,122.38078796222466,2025-05-01,2025-07-29,90
B3,fold_5,2156,90,2026-01-08,2026-04-07,25.410046370313395,35.35289346202151,14.588826064019319,7.294413032009659,25.032922409984078,0.37712396032931395,3.7652226470179175,21.0332422109128,16.16748284709491,0,0,0.42810760667903525,923,636,597,31.41283618761399,29.553318262456372,52.51843674389436,0.7351576994434137,1585,281,290,71.42343995632837,70.27263813214469,112.52950220539,0.9257884972170687,1996,96,64,119.04526945856604,120.00402643980763,166.464338010243,2026-01-08,2026-04-07,90
