policy,fold,window_start,window_end,calendar_days,n_hours,n_days,first_delivery_date,last_delivery_date,MAE,RMSE,WIS,mean_pinball_7,raw_central_MAE,centering_effect,bias,daily_mean_level_MAE,within_day_shape_MAE,missing_count,crossings,coverage50,hit_count50,lower_miss_count50,upper_miss_count50,mean_width50,median_width50,p95_width50,coverage80,hit_count80,lower_miss_count80,upper_miss_count80,mean_width80,median_width80,p95_width80,coverage95,hit_count95,lower_miss_count95,upper_miss_count95,mean_width95,median_width95,p95_width95
B0,fold_3,2022-09-01,2022-09-07,7,168,7,2022-09-01,2022-09-07,169.93369047619046,216.25848931176034,116.31441028911563,58.15720514455783,157.63059523809522,12.303095238095242,144.68511904761903,162.90452380952385,57.54587797619048,0,0,0.27976190476190477,47,106,15,114.45857142857142,115.65,117.37499999999994,0.44642857142857145,75,89,4,242.26242857142847,229.8069999999999,327.96199999999993,0.5773809523809523,97,70,1,380.8288571428571,325.38824999999997,505.5095
B1,fold_3,2022-09-01,2022-09-07,7,168,7,2022-09-01,2022-09-07,181.40327672726576,206.35428321450146,109.75901960463082,54.8795098023154,181.58847840479407,-0.1852016775283259,-178.7138702135175,178.7138702135175,69.42632160571372,0,0,0.22023809523809523,37,1,130,129.9394949363404,131.3544441931944,158.39576138804503,0.3392857142857143,57,0,111,233.4074658756962,244.89924838323725,280.38092222583253,0.47619047619047616,80,0,88,360.1691857493567,376.1449823250314,424.33538241590196
B2,fold_3,2022-09-01,2022-09-07,7,168,7,2022-09-01,2022-09-07,65.4135594637226,89.38173590947618,38.70337753451153,19.351688767255766,60.8270095170672,4.5865499466554,36.16331288190326,56.49012620295348,42.65139973248362,0,0,0.40476190476190477,68,77,23,72.34169222676415,72.03147064526502,74.89241163564151,0.7261904761904762,122,36,10,163.6017430116736,162.41177720885742,168.07668649548313,0.8869047619047619,149,15,4,301.78390715960296,324.6895508124202,324.6895508124203
B3,fold_3,2022-09-01,2022-09-07,7,168,7,2022-09-01,2022-09-07,85.10604169591132,115.84494020570745,53.2904844816714,26.6452422408357,81.13994929434817,3.966092401563145,53.51566191316141,75.89099464247826,47.917429209786235,0,0,0.4642857142857143,78,71,19,118.59675629736111,119.51209064553677,124.7974598134457,0.6904761904761905,116,47,5,212.44777958761668,214.22668515288314,228.04744432884024,0.8214285714285714,138,30,0,356.6417504638331,385.1790194640577,399.1493295380926
A1,fold_3,2022-09-01,2022-09-07,7,168,7,2022-09-01,2022-09-07,63.88146738331558,89.9044797953563,38.521538966846705,19.260769483423353,62.57528689410329,1.3061804892122884,29.484065035396736,59.155656365502914,40.11917441640057,0,0,0.5476190476190477,92,54,22,102.96788536993083,104.88462366310591,119.61033424491039,0.7976190476190477,134,29,5,208.26717686434066,206.4962339251545,242.14502211268154,0.9464285714285714,159,8,1,405.8964502267444,424.99734368075474,487.9910992713811
A2,fold_3,2022-09-01,2022-09-07,7,168,7,2022-09-01,2022-09-07,120.97311214152008,151.04956303936834,66.4536821039952,33.2268410519976,103.78298163278353,17.190130508736576,107.66297650188426,116.32294970685682,46.34303655516122,0,0,0.38095238095238093,64,98,6,156.02658791496648,161.03581837810498,182.27351701669272,0.6428571428571429,108,60,0,270.8302124676001,295.5889594374603,314.65308349029726,0.8928571428571429,150,18,0,441.2318375234154,484.42612022404325,517.918225153229
A3,fold_3,2022-09-01,2022-09-07,7,168,7,2022-09-01,2022-09-07,79.60932527666552,109.7975049267679,46.92332075881838,23.46166037940919,69.72822943603516,9.881095840630348,70.76664679667324,70.76664679667326,37.93903469410064,0,0,0.5476190476190477,92,75,1,116.33019167410119,119.37979270990803,133.7181349517354,0.7083333333333334,119,49,0,219.97492524361076,228.28637620166347,251.0435259957174,0.9464285714285714,159,9,0,407.3659416004671,425.42911116909335,488.48686399649483
A4,fold_3,2022-09-01,2022-09-07,7,168,7,2022-09-01,2022-09-07,97.60418442081357,126.48588725956604,55.36441037137441,27.682205185687206,85.14615059542065,12.458033825392906,80.39826017447432,82.7407510748889,51.88919421580063,0,0,0.4226190476190476,71,89,8,124.63083167893936,128.2740161343305,144.88382033704625,0.7321428571428571,123,44,1,260.91173392351595,273.48924216170263,311.05786001209606,0.9166666666666666,154,14,0,434.0777110286571,453.69374205431563,520.9409216541828
A5,fold_3,2022-09-01,2022-09-07,7,168,7,2022-09-01,2022-09-07,80.106956916123,109.44243592081888,47.558176490992416,23.77908824549621,70.59517312382695,9.511783792296045,71.66295366771554,71.66295366771556,38.53403584269245,0,0,0.5,84,83,1,115.44171094150049,119.58225764809993,133.91986451635444,0.7380952380952381,124,44,0,223.8084691814504,227.74243625802143,262.09765512616565,0.9345238095238095,157,11,0,414.5568801126591,436.7312280135336,501.4641978669742
B0,fold_3,2022-09-08,2022-09-14,7,168,7,2022-09-08,2022-09-14,80.76630952380954,105.75185125588877,48.455200850340134,24.227600425170067,80.79946428571427,-0.033154761904760174,-11.165297619047628,72.56029761904763,50.81143353174603,0,0,0.48214285714285715,81,40,47,124.2125,127.0,129.03249999999997,0.8452380952380952,142,2,24,332.69685714285714,333.462,336.17999999999995,0.9047619047619048,152,0,16,512.7966428571428,506.6575000000001,522.2805000000001
B1,fold_3,2022-09-08,2022-09-14,7,168,7,2022-09-08,2022-09-14,164.1383628070824,177.35548830866523,93.45587332078374,46.72793666039187,164.1383628070824,0.0,-164.1383628070824,164.1383628070824,36.08463576732083,0,0,0.1488095238095238,25,0,143,130.13269681632292,127.02985943095166,174.98167437299898,0.2976190476190476,50,0,118,229.74299506510354,227.23049859260493,269.7442481012207,0.47619047619047616,80,0,88,349.8026190018205,349.845800967,446.5059069262677
B2,fold_3,2022-09-08,2022-09-14,7,168,7,2022-09-08,2022-09-14,39.4299397269,53.183806481697836,23.509397129415806,11.754698564707903,42.051352407271594,-2.6214126803715914,-4.042506203845328,33.57973176034865,28.421524995321185,0,0,0.6369047619047619,107,31,30,78.60497067331514,78.532324645346,80.54067850968954,0.8630952380952381,145,8,15,177.77737817738864,176.65191911668546,184.03428724663507,0.9940476190476191,167,0,1,334.43361821494295,334.43361821494295,334.43361821494307
B3,fold_3,2022-09-08,2022-09-14,7,168,7,2022-09-08,2022-09-14,76.87743532641387,90.86829867028568,39.91961670412026,19.95980835206013,76.71467727378405,0.1627580526298294,0.37312688665378163,71.1616973212006,35.100714384732754,0,0,0.43452380952380953,73,50,45,125.97358974505572,123.72208010004809,132.87826075496992,0.8273809523809523,139,8,21,236.14096495852664,230.77991077596056,245.04609451983367,0.9464285714285714,159,0,9,405.6577142902438,399.1493295380926,414.33556062644544
A1,fold_3,2022-09-08,2022-09-14,7,168,7,2022-09-08,2022-09-14,51.84328405773091,64.82298725768494,29.211636485571088,14.605818242785544,50.63400494927299,1.209279108457923,-7.1200875222559485,48.12000372609579,29.33009800230249,0,0,0.40476190476190477,68,50,50,70.63237100600824,70.54624609224078,96.11030948196446,0.6845238095238095,115,29,24,138.22139805601594,142.7332077675494,186.63927093902703,0.9047619047619048,152,0,16,284.28059286514804,298.0609363688248,383.3178084398771
A2,fold_3,2022-09-08,2022-09-14,7,168,7,2022-09-08,2022-09-14,71.85080529947957,92.52466412252278,39.84636250322658,19.92318125161329,72.62089985417018,-0.7700945546906116,-17.729613220852414,64.03039029505354,32.344959637683374,0,0,0.44047619047619047,74,44,50,110.30885791442427,117.05608840791587,145.08227644676646,0.7857142857142857,132,2,34,205.13040961360946,210.44037962201944,274.4538618256148,0.8928571428571429,150,0,18,340.4261780708588,349.76900495360564,447.12967603699053
A3,fold_3,2022-09-08,2022-09-14,7,168,7,2022-09-08,2022-09-14,60.72772026155943,74.68888572510613,32.57309897838606,16.28654948919303,60.64370144545575,0.08401881610367348,-10.444309911373283,56.36655420702556,28.26557086626817,0,0,0.38095238095238093,64,48,56,77.99901627855395,83.10029741749196,102.20090803992258,0.6845238095238095,115,18,35,152.5180212611293,153.47686343624127,205.1192725301026,0.8869047619047619,149,0,19,287.696741483593,300.15654088321486,383.70723244415956
A4,fold_3,2022-09-08,2022-09-14,7,168,7,2022-09-08,2022-09-14,60.504948657493905,76.6241400495215,33.244829111646474,16.622414555823237,60.460760902596945,0.04418775489695022,-3.0280842488105826,53.15425149278648,40.947342701017405,0,0,0.40476190476190477,68,51,49,84.07938156731814,86.22484347943879,115.93885235211127,0.7678571428571429,129,8,31,182.44410262057548,189.30257339180898,246.66812274491372,0.9285714285714286,156,0,12,307.1674275099435,320.09832110726995,409.1999479361036
A5,fold_3,2022-09-08,2022-09-14,7,168,7,2022-09-08,2022-09-14,58.794246009157675,72.85409509866643,31.51251924443385,15.756259622216925,58.47986270967591,0.31438329948176297,-8.21995411825546,55.270730431890925,30.964895020591136,0,0,0.38095238095238093,64,48,56,77.02823481152284,79.06395088801776,105.36405685982186,0.7023809523809523,118,17,33,153.7516013709636,156.60616889994873,205.40771102032727,0.9107142857142857,153,0,15,293.4020331148386,308.13061742763057,393.90094947312184
B0,fold_3,2022-09-15,2022-09-21,7,168,7,2022-09-15,2022-09-21,176.48416666666668,213.12784061924856,95.47132976190476,47.73566488095238,169.2329761904762,7.251190476190485,136.52154761904762,175.73488095238096,42.7084126984127,0,0,0.25,42,108,18,153.48999999999998,149.615,185.1675,0.5952380952380952,100,62,6,373.9737142857142,356.812,427.72900000000004,0.8511904761904762,143,25,0,541.86625,522.2805000000001,568.6990000000001
B1,fold_3,2022-09-15,2022-09-21,7,168,7,2022-09-15,2022-09-21,74.31131433130679,90.42053142017043,42.438295080919474,21.219147540459737,74.31131433130679,0.0,-39.74600857775817,58.67878912020616,46.78240887465617,0,0,0.39285714285714285,66,29,73,117.55393351567038,114.04971717140268,177.7732568174248,0.4880952380952381,82,18,68,174.66420715005012,167.24712794390126,249.92624620211845,0.7380952380952381,124,1,43,295.5079750783231,283.4748166537509,405.75322805308707
B2,fold_3,2022-09-15,2022-09-21,7,168,7,2022-09-15,2022-09-21,71.26733560656628,95.49530452798324,42.56957327682194,21.28478663841097,69.97115638064984,1.296179225916438,14.474155149555306,64.1983273942662,47.00748578275175,0,0,0.42857142857142855,72,55,41,77.2120345989111,77.2491780562362,81.3085974362873,0.6726190476190477,113,35,20,183.67398083522508,182.06281089680942,196.91330411074608,0.8571428571428571,144,12,12,345.3219940992364,348.8211858038136,365.3139946941948
B3,fold_3,2022-09-15,2022-09-21,7,168,7,2022-09-15,2022-09-21,92.43407454363008,116.842462373568,52.273975445324616,26.136987722662308,93.21498954387413,-0.7809150002440427,58.45254398280635,77.51771566071248,45.911296096102305,0,0,0.44642857142857145,75,71,22,131.6177577728455,131.1521364763641,147.08416998496728,0.7083333333333334,119,48,1,262.70851004091116,267.9829333268275,289.81321776789775,0.9166666666666666,154,14,0,428.56852986794996,425.01341166396145,445.23682372983234
A1,fold_3,2022-09-15,2022-09-21,7,168,7,2022-09-15,2022-09-21,63.10144270603024,82.18898724554809,39.21161296179367,19.605806480896838,61.95432409150286,1.1471186145273744,9.099668305005371,49.9818056203513,46.60713748551209,0,0,0.44047619047619047,74,56,38,85.58693505826307,99.89651901646565,114.71148265688026,0.7023809523809523,118,39,11,175.82687604977377,207.3602340442443,243.45751543820492,0.8988095238095238,151,17,0,378.77105659014677,466.444609076515,526.9776725640706
A2,fold_3,2022-09-15,2022-09-21,7,168,7,2022-09-15,2022-09-21,96.63754064957263,118.10118026356487,60.03849501033721,30.019247505168604,94.13341547918789,2.504125170384726,53.95006581025749,92.81306624789657,41.303533334982006,0,0,0.44642857142857145,75,81,12,125.38038988816854,145.05717220870025,171.71750993676463,0.6547619047619048,110,58,0,261.91272012848015,293.96710192555287,378.6012215660004,0.8214285714285714,138,30,0,465.0486826092175,552.8593247815248,633.6622515093086
A3,fold_3,2022-09-15,2022-09-21,7,168,7,2022-09-15,2022-09-21,70.01173970583791,91.30358397142936,45.52686090928023,22.763430454640115,68.14297051959205,1.8687691862458462,32.48837370895815,58.25021743161636,42.275160142942504,0,0,0.5059523809523809,85,64,19,93.10584447146435,106.24082594379709,128.26348814263815,0.6964285714285714,117,50,1,200.1214541051601,234.41815336104844,292.18367300634077,0.8273809523809523,139,29,0,406.2579092966602,504.8932730684327,570.4160295938013
A4,fold_3,2022-09-15,2022-09-21,7,168,7,2022-09-15,2022-09-21,94.5301776967078,121.16912354656735,58.784147009249,29.3920735046245,88.88544951499546,5.6447281817123365,15.791452325802371,84.6466151518663,54.8779913623212,0,0,0.35714285714285715,60,58,50,100.87910478631832,117.64724037820974,135.06047037642924,0.6904761904761905,116,44,8,229.8406879276138,263.67366763574626,319.78388771975824,0.8154761904761905,137,29,2,432.21063361302174,512.5831221202103,605.1619324711287
A5,fold_3,2022-09-15,2022-09-21,7,168,7,2022-09-15,2022-09-21,73.69883504218045,96.88704992341597,48.18385917964198,24.09192958982099,70.71910848396163,2.9797265582188097,26.23434819294409,66.59264511453338,43.72882079313459,0,0,0.40476190476190477,68,65,35,91.12233512202425,103.6965330746495,125.27791511164537,0.7023809523809523,118,47,3,197.3139700753312,229.68344102806805,280.57375584917185,0.8273809523809523,139,29,0,412.58001315153143,501.6185171059526,574.5635101207439
B0,fold_3,2022-09-22,2022-09-28,7,168,7,2022-09-22,2022-09-28,111.25166666666667,150.06662384706715,76.01199651360545,38.00599825680272,104.30142857142857,6.950238095238089,-99.6595238095238,100.9120238095238,28.65227678571429,0,0,0.5119047619047619,86,0,82,185.88357142857143,187.87000000000006,191.55250000000007,0.7023809523809523,118,0,50,434.29385714285706,423.89000000000004,464.741,0.7738095238095238,130,0,38,606.4539642857143,568.1875,657.84
B1,fold_3,2022-09-22,2022-09-28,7,168,7,2022-09-22,2022-09-28,84.04077719166786,95.29593708295968,49.38408917229452,24.69204458614726,84.04077719166786,0.0,-72.95955665970227,81.16373739370331,31.739731573606917,0,0,0.25595238095238093,43,12,113,95.33467035220264,97.41544787416893,124.77225265634414,0.39880952380952384,67,3,98,159.53566246702707,154.8602602628107,217.19472840795618,0.5833333333333334,98,0,70,270.4010981526107,267.1216554864598,317.6897710672112
B2,fold_3,2022-09-22,2022-09-28,7,168,7,2022-09-22,2022-09-28,43.479962625394535,55.82870554588585,24.980456502960134,12.490228251480067,44.11946571354349,-0.6395030881489555,5.699815895169757,27.974242813255774,33.2072719420492,0,0,0.5178571428571429,87,39,42,77.50348793075065,78.3306440719337,80.5342585172653,0.9047619047619048,152,11,5,183.31832053673355,183.1644719569864,193.90053871940063,0.9940476190476191,167,0,1,358.02104371315676,361.7284923211689,367.3106139751228
B3,fold_3,2022-09-22,2022-09-28,7,168,7,2022-09-22,2022-09-28,62.55359153233623,72.8339786537103,33.484457095376236,16.742228547688118,54.611497748475095,7.942093783861127,-30.2375410093502,61.05881130832631,28.468343154906286,0,0,0.5833333333333334,98,15,55,130.13368246128525,129.56973966994232,136.59471513143114,0.9166666666666666,154,0,14,257.4039639950498,255.1302990384878,273.06503251557825,0.9940476190476191,167,0,1,415.76941813765404,408.73958589209576,441.6393568740922
A1,fold_3,2022-09-22,2022-09-28,7,168,7,2022-09-22,2022-09-28,49.81698138359248,64.01055162454564,29.00107069649381,14.500535348246904,49.72240919884425,0.09457218474822589,5.556809233075161,36.3170074489872,33.33074899635525,0,0,0.5,84,45,39,78.21245880685188,80.07987002973493,100.07884648192258,0.7678571428571429,129,21,18,164.04922743027313,170.1307485893052,209.1511264577831,0.9761904761904762,164,1,3,368.6725328108439,395.68733441000126,471.1246370393193
A2,fold_3,2022-09-22,2022-09-28,7,168,7,2022-09-22,2022-09-28,62.0967686655819,78.85026407368947,37.71175355472979,18.855876777364895,54.86632794300147,7.2304407225804255,-32.24174137299405,53.741099117631784,33.05943779708518,0,0,0.5059523809523809,85,21,62,112.23925466559247,116.42420199991568,146.31531392621946,0.8035714285714286,135,8,25,244.82339096683765,256.7823851879466,315.87731492098345,0.9642857142857143,162,0,6,452.1642171293347,470.9968020895907,580.2797778353761
A3,fold_3,2022-09-22,2022-09-28,7,168,7,2022-09-22,2022-09-28,52.804934548172774,66.8610734569821,31.30394028589471,15.651970142947356,50.33608742657292,2.4688471215998553,-13.357240292719124,42.55425160664907,31.535095496402505,0,0,0.4880952380952381,82,32,54,85.4865061040384,88.804719388378,108.99055019509818,0.75,126,15,27,176.81070364947263,181.91608790104988,227.01512954130453,0.9821428571428571,165,0,3,399.68716601099237,423.86768696783275,506.7620669058932
A4,fold_3,2022-09-22,2022-09-28,7,168,7,2022-09-22,2022-09-28,63.97014004213873,78.53089754825365,35.099435491992594,17.549717745996297,61.13842779861367,2.831712243525046,-24.877296747585373,50.68000147759616,38.99238296221823,0,0,0.4107142857142857,69,28,71,100.0744512830669,105.22954436803684,125.57627828649782,0.8154761904761905,137,11,20,223.65776616375382,234.49126334829583,283.8742161429194,0.9880952380952381,166,0,2,436.21521088594454,454.72498722272604,554.1804500620706
A5,fold_3,2022-09-22,2022-09-28,7,168,7,2022-09-22,2022-09-28,54.47485504451381,67.70579364285187,31.506878318439142,15.753439159219571,51.48986303216031,2.9849920123534988,-17.69724132844753,43.41497004722986,32.828796963821524,0,0,0.42857142857142855,72,27,69,86.57101482139129,90.89310590958124,110.40163256333258,0.75,126,14,28,187.00507268723328,190.32075728143704,240.16554866200224,0.9821428571428571,165,0,3,408.39018674691084,424.40599325501273,525.7405089258954
