capture_utc_date,variable_listing,source,sha256,run,steps_21_48_listed,first_publication,last_publication,root_directory_latest_mtime,basis
2020-01-22,root,wayback_20200122002510_dwd_iconeu_00_root.html,fb27a15ac7da3d8bf00d89bd2756755d2b8818e3b2c315bfcb11a1ac70de82d9,,0,,,21-Jan-2020 03:44,DWD opendata directory listing timestamps (server time; identical in CET and CEST captures)
2022-03-08,tot_prec,wayback_20220308040020_dwd_iconeu_00_tot_prec.html,68743571af3c2dadf9b41b24f0af35a05de07165de6702dbac787985a9473cd7,2022030800,28,2022-03-08 02:56:00,2022-03-08 03:16:00,,DWD opendata directory listing timestamps (server time; identical in CET and CEST captures)
2022-05-16,t_2m,wayback_20220516102913_dwd_iconeu_00_t_2m.html,2ef3861f61e2caf4369d7bdbca5af15737bcb6a4c43d523ddf51f34837141211,2022051600,28,2022-05-16 02:55:00,2022-05-16 03:16:00,,DWD opendata directory listing timestamps (server time; identical in CET and CEST captures)
2022-08-16,t_g,wayback_20220816130949_dwd_iconeu_00_t_g.html,282eac93e5dd315d78fa3851bff9f52421d193946b6f4110c24e7030dafeba01,2022081600,28,2022-08-16 02:52:00,2022-08-16 03:13:00,,DWD opendata directory listing timestamps (server time; identical in CET and CEST captures)
2022-12-04,u,wayback_20221204042807_dwd_iconeu_00_u.html,8933cbd771557bdbf9880558b1e6d5a8fe414ae4db116192262bf51d6cc33264,2022120400,28,2022-12-04 02:48:00,2022-12-04 03:16:00,,DWD opendata directory listing timestamps (server time; identical in CET and CEST captures)
2023-01-04,aswdifd_s,wayback_20230104235804_dwd_iconeu_00_aswdifd_s.html,65a51b3c2a8d355399a25d04ea476706b65afb22c62d18eff9dd1206b571bbf7,2023010400,28,2023-01-04 02:53:00,2023-01-04 03:11:00,,DWD opendata directory listing timestamps (server time; identical in CET and CEST captures)
2023-01-04,aswdir_s,wayback_20230104235804_dwd_iconeu_00_aswdir_s.html,ad9a96c9040f023ed23a2ae284903f100c5ebbad66639a82cac42eb558165821,2023010400,28,2023-01-04 02:53:00,2023-01-04 03:10:00,,DWD opendata directory listing timestamps (server time; identical in CET and CEST captures)
2023-01-04,v_10m,wayback_20230104235804_dwd_iconeu_00_v_10m.html,e982789a83631791e0c119e63002f34009dbf04bdce1ef906b033ff246fed9f3,2023010400,28,2023-01-04 02:53:00,2023-01-04 03:10:00,,DWD opendata directory listing timestamps (server time; identical in CET and CEST captures)
2023-07-03,t_2m,wayback_20230703134952_dwd_iconeu_00_t_2m.html,13f558758f3fac1250102d8d0cc51fc5f12603a6c543bc7b113538daf9329915,2023070300,28,2023-07-03 02:56:00,2023-07-03 03:13:00,,DWD opendata directory listing timestamps (server time; identical in CET and CEST captures)
2024-06-22,aswdir_s,wayback_20240622061722_dwd_iconeu_00_aswdir_s.html,87d41bd4a37cb945f9247b2e4684b26114ff11687575167373be0e3f4801161f,2024062200,28,2024-06-22 02:52:00,2024-06-22 03:08:00,,DWD opendata directory listing timestamps (server time; identical in CET and CEST captures)
2024-06-22,aswdifd_s,wayback_20240622072411_dwd_iconeu_00_aswdifd_s.html,fcff9c8ec0d1299f6c00a6ea517e8942a00d3977b09c85a847df38b7760b7a12,2024062200,28,2024-06-22 02:52:00,2024-06-22 03:08:00,,DWD opendata directory listing timestamps (server time; identical in CET and CEST captures)
2024-06-22,u_10m,wayback_20240622073939_dwd_iconeu_00_u_10m.html,99f78ead57a92c0e1109556d04d76b7ddfa018ce1b671bf9c44ef9b8f97d3d31,2024062200,28,2024-06-22 02:52:00,2024-06-22 03:08:00,,DWD opendata directory listing timestamps (server time; identical in CET and CEST captures)
2024-06-22,v_10m,wayback_20240622125836_dwd_iconeu_00_v_10m.html,8a03b63ee6bdde518dabd6bb03bc0aeac1ffa8fac3e28f8cdf324aa4b46f95e7,2024062200,28,2024-06-22 02:52:00,2024-06-22 03:08:00,,DWD opendata directory listing timestamps (server time; identical in CET and CEST captures)
2025-03-25,aswdifd_s,wayback_20250325095450_dwd_iconeu_00_aswdifd_s.html,4907f218e0581d21c702fa3ca1f60942d190635b264643aa7bb3f30f018f82b6,2025032500,28,2025-03-25 02:52:38,2025-03-25 03:08:57,,DWD opendata directory listing timestamps (server time; identical in CET and CEST captures)
2025-04-28,aswdir_s,wayback_20250428121850_dwd_iconeu_00_aswdir_s.html,363c7e08760741fb32b09bf280a4717d49408f8c34ac91d7b96dc7f02637c57c,2025042800,28,2025-04-28 02:52:18,2025-04-28 03:08:42,,DWD opendata directory listing timestamps (server time; identical in CET and CEST captures)
2025-04-28,u_10m,wayback_20250428132016_dwd_iconeu_00_u_10m.html,74ad65540712467536fe342d0bcc042e3bdbce68e74748d530bea2ce7a9ee020,2025042800,28,2025-04-28 02:52:17,2025-04-28 03:08:42,,DWD opendata directory listing timestamps (server time; identical in CET and CEST captures)
2025-04-30,v_10m,wayback_20250430040604_dwd_iconeu_00_v_10m.html,cb3f6e5dbd1828f214983b506ed1a5c2ead2c149f2f9349d18497e81a060fbb6,2025043000,28,2025-04-30 02:52:40,2025-04-30 03:09:30,,DWD opendata directory listing timestamps (server time; identical in CET and CEST captures)
2025-11-14,aswdifd_s,wayback_20251114213117_dwd_iconeu_00_aswdifd_s.html,6cf1a5561cd07782d1680f366f52604567d8be7960015dbc570422023dbb0383,2025111400,28,2025-11-14 02:52:41,2025-11-14 03:09:45,,DWD opendata directory listing timestamps (server time; identical in CET and CEST captures)
2025-12-12,u_10m,wayback_20251212200206_dwd_iconeu_00_u_10m.html,3978d8d91ce0e42bef1348c24cb5ea023075dbd12c1d3fe3f8f766374eff07d8,2025121200,28,2025-12-12 02:57:00,2025-12-12 03:14:08,,DWD opendata directory listing timestamps (server time; identical in CET and CEST captures)
