bundle,status,archive,run,endpoint,delivery_day,n_hours,hour_starts,leads_decoded,fields_all_leads,units,radiation_param,radiation_step_ranges,valid_equals_init_plus_lead,radiation_3h_blocks,radiation_min_block,radiation_max_block,wind10_box_mean_range,wind100_box_mean_range,supports_within_decoded,grid,ncar_aws_sizes_equal,ncar_aws_messages_identical,messages_hashed,radiation_packing_quantum,radiation_check,radiation_pass
gfs_2019-01-01.json,success,GFS,2019-01-01T00:00Z,ncar,2019-01-02,24,23..46,10,True,ssrd:W m**-2 u10:m s**-1 u_hub:m s**-1 v10:m s**-1 v_hub:m s**-1,['0/4/192'],18-21 18-24 24-27 24-30 30-33 30-36 36-39 36-42 42-45 42-48,True,10,-10.0,280.0,4.80-8.80,8.15-14.51,True,1440x721 d=0.25,,,50,10.0,min 3h block -10.000 >= -3 x quantum (-30),True
gfs_2019-03-30.json,success,GFS,2019-03-30T00:00Z,ncar,2019-03-31,23,23..45,10,True,ssrd:W m**-2 u10:m s**-1 u_hub:m s**-1 v10:m s**-1 v_hub:m s**-1,['0/4/192'],18-21 18-24 24-27 24-30 30-33 30-36 36-39 36-42 42-45 42-48,True,10,0.0,790.0,2.72-4.70,4.83-7.01,True,1440x721 d=0.25,,,50,10.0,min 3h block 0.000 >= -3 x quantum (-30),True
gfs_2019-06-13.json,success,GFS,2019-06-13T00:00Z,ncar,2019-06-14,24,22..45,10,True,ssrd:W m**-2 u10:m s**-1 u_hub:m s**-1 v10:m s**-1 v_hub:m s**-1,['0/4/192'],18-21 18-24 24-27 24-30 30-33 30-36 36-39 36-42 42-45 42-48,True,10,-8.0,930.0,2.69-4.09,4.41-6.56,True,1440x721 d=0.25,,,50,10.0,min 3h block -8.000 >= -3 x quantum (-30),True
gfs_2019-10-26.json,success,GFS,2019-10-26T00:00Z,ncar,2019-10-27,25,22..46,10,True,ssrd:W m**-2 u10:m s**-1 u_hub:m s**-1 v10:m s**-1 v_hub:m s**-1,['0/4/192'],18-21 18-24 24-27 24-30 30-33 30-36 36-39 36-42 42-45 42-48,True,10,-10.0,500.0,4.30-5.48,6.61-9.73,True,1440x721 d=0.25,,,50,10.0,min 3h block -10.000 >= -3 x quantum (-30),True
gfs_2020-10-24.json,success,GFS,2020-10-24T00:00Z,ncar,2020-10-25,25,22..46,10,True,ssrd:W m**-2 u10:m s**-1 u_hub:m s**-1 v10:m s**-1 v_hub:m s**-1,['0/4/192'],18-21 18-24 24-27 24-30 30-33 30-36 36-39 36-42 42-45 42-48,True,10,-10.0,500.0,3.83-5.69,6.47-9.09,True,1440x721 d=0.25,,,50,10.0,min 3h block -10.000 >= -3 x quantum (-30),True
gfs_2021-03-23.json,success,GFS,2021-03-23T00:00Z,aws,2021-03-24,24,23..46,10,True,ssrd:W m**-2 u10:m s**-1 u_hub:m s**-1 v10:m s**-1 v_hub:m s**-1,['0/4/192'],18-21 18-24 24-27 24-30 30-33 30-36 36-39 36-42 42-45 42-48,True,10,0.0,748.1,2.32-3.42,3.84-4.74,True,1440x721 d=0.25,True,True,50,0.02,min 3h block 0.000 >= -3 x quantum (-0.06),True
gfs_2022-03-26.json,success,GFS,2022-03-26T00:00Z,aws,2022-03-27,23,23..45,10,True,ssrd:W m**-2 u10:m s**-1 u_hub:m s**-1 v10:m s**-1 v_hub:m s**-1,['0/4/192'],18-21 18-24 24-27 24-30 30-33 30-36 36-39 36-42 42-45 42-48,True,10,0.0,772.6,2.30-3.13,3.47-4.72,True,1440x721 d=0.25,,,50,0.02,min 3h block 0.000 >= -3 x quantum (-0.06),True
gfs_2022-08-25.json,success,GFS,2022-08-25T00:00Z,aws,2022-08-26,24,22..45,10,True,ssrd:W m**-2 u10:m s**-1 u_hub:m s**-1 v10:m s**-1 v_hub:m s**-1,['0/4/192'],18-21 18-24 24-27 24-30 30-33 30-36 36-39 36-42 42-45 42-48,True,10,-0.04,805.6,2.19-3.94,3.11-5.75,True,1440x721 d=0.25,,,50,0.02,min 3h block -0.040 >= -3 x quantum (-0.06),True
gfs_2024-03-30.json,success,GFS,2024-03-30T00:00Z,aws,2024-03-31,23,23..45,10,True,ssrd:W m**-2 u10:m s**-1 u_hub:m s**-1 v10:m s**-1 v_hub:m s**-1,['0/4/192'],18-21 18-24 24-27 24-30 30-33 30-36 36-39 36-42 42-45 42-48,True,10,-0.02,695.8,2.22-2.97,3.74-5.31,True,1440x721 d=0.25,,,50,0.02,min 3h block -0.020 >= -3 x quantum (-0.06),True
gfs_2024-10-26.json,success,GFS,2024-10-26T00:00Z,aws,2024-10-27,25,22..46,10,True,ssrd:W m**-2 u10:m s**-1 u_hub:m s**-1 v10:m s**-1 v_hub:m s**-1,['0/4/192'],18-21 18-24 24-27 24-30 30-33 30-36 36-39 36-42 42-45 42-48,True,10,0.0,477.2,2.17-3.68,3.17-4.94,True,1440x721 d=0.25,,,50,0.02,min 3h block 0.000 >= -3 x quantum (-0.06),True
gfs_2026-03-28.json,success,GFS,2026-03-28T00:00Z,aws,2026-03-29,23,23..45,10,True,ssrd:W m**-2 u10:m s**-1 u_hub:m s**-1 v10:m s**-1 v_hub:m s**-1,['0/4/192'],18-21 18-24 24-27 24-30 30-33 30-36 36-39 36-42 42-45 42-48,True,10,0.0,721.2,3.30-5.54,5.68-8.97,True,1440x721 d=0.25,True,True,50,0.02,min 3h block 0.000 >= -3 x quantum (-0.06),True
gfs_2026-04-06.json,success,GFS,2026-04-06T00:00Z,aws,2026-04-07,24,22..45,10,True,ssrd:W m**-2 u10:m s**-1 u_hub:m s**-1 v10:m s**-1 v_hub:m s**-1,['0/4/192'],18-21 18-24 24-27 24-30 30-33 30-36 36-39 36-42 42-45 42-48,True,10,-0.032,799.4,2.48-4.13,4.62-6.10,True,1440x721 d=0.25,True,True,50,0.02,min 3h block -0.032 >= -3 x quantum (-0.06),True
icon_2020-06-03.json,success,ICON,2020-06-03T00:00Z,ocf-hf@d3dea71,2020-06-04,24,22..45,steps 22-47 of 93,True,aswdifd_s:W m-2 aswdir_s:W m-2 u_10m:m s**-1 v_10m:m s**-1,aswdifd_s:avg aswdir_s:avg u_10m:instant v_10m:instant,mean since start (0-h),True,hourly,-0.359,777.8,3.54 (mean over steps),UNSUPPORTED,True,1097x657 d=0.0625 lon -23.5..45.0,,,16,float32 store; 16-bit-class spacing ~0.008 W m-2 in sampled chunks,box-mean hourly min dir -0.0013 dif -0.0002 global -0.0012; point-hours < -5 W m-2: dir 0.0e+00 dif 0.0e+00,True
icon_2020-10-24.json,success,ICON,2020-10-24T00:00Z,ocf-hf@d3dea71,2020-10-25,25,22..46,steps 22-47 of 93,True,aswdifd_s:W m-2 aswdir_s:W m-2 u_10m:m s**-1 v_10m:m s**-1,aswdifd_s:avg aswdir_s:avg u_10m:instant v_10m:instant,mean since start (0-h),True,hourly,-0.289,481.3,4.09 (mean over steps),UNSUPPORTED,True,1097x657 d=0.0625 lon -23.5..45.0,,,16,float32 store; 16-bit-class spacing ~0.008 W m-2 in sampled chunks,box-mean hourly min dir -0.0013 dif -0.0005 global -0.0015; point-hours < -5 W m-2: dir 0.0e+00 dif 0.0e+00,True
icon_2021-03-27.json,success,ICON,2021-03-27T00:00Z,ocf-hf@d3dea71,2021-03-28,23,23..45,steps 22-47 of 93,True,aswdifd_s:W m-2 aswdir_s:W m-2 u_10m:m s**-1 v_10m:m s**-1,aswdifd_s:avg aswdir_s:avg u_10m:instant v_10m:instant,mean since start (0-h),True,hourly,-0.359,785.7,4.27 (mean over steps),UNSUPPORTED,True,1097x657 d=0.0625 lon -23.5..45.0,,,16,float32 store; 16-bit-class spacing ~0.008 W m-2 in sampled chunks,box-mean hourly min dir -0.0008 dif -0.0009 global -0.0008; point-hours < -5 W m-2: dir 0.0e+00 dif 0.0e+00,True
icon_2022-03-26.json,success,ICON,2022-03-26T00:00Z,ocf-hf@d3dea71,2022-03-27,23,23..45,steps 22-47 of 93,True,aswdifd_s:W m-2 aswdir_s:W m-2 u_10m:m s**-1 v_10m:m s**-1,aswdifd_s:avg aswdir_s:avg u_10m:instant v_10m:instant,mean since start (0-h),True,hourly,-0.938,736.5,2.26 (mean over steps),UNSUPPORTED,True,1097x657 d=0.0625 lon -23.5..45.0,,,16,float32 store; 16-bit-class spacing ~0.008 W m-2 in sampled chunks,box-mean hourly min dir -0.0007 dif -0.0008 global -0.0014; point-hours < -5 W m-2: dir 0.0e+00 dif 0.0e+00,True
icon_2022-08-25.json,success,ICON,2022-08-25T00:00Z,ocf-hf@d3dea71,2022-08-26,24,22..45,steps 22-47 of 93,True,aswdifd_s:W m-2 aswdir_s:W m-2 u_10m:m s**-1 v_10m:m s**-1,aswdifd_s:avg aswdir_s:avg u_10m:instant v_10m:instant,mean since start (0-h),True,hourly,-6.158,723.3,2.15 (mean over steps),UNSUPPORTED,True,1097x657 d=0.0625 lon -23.5..45.0,,,16,float32 store; 16-bit-class spacing ~0.008 W m-2 in sampled chunks,box-mean hourly min dir -0.0011 dif -0.0007 global -0.0016; point-hours < -5 W m-2: dir 5.6e-06 dif 0.0e+00,True
icon_2023-02-28.json,success,ICON,2023-02-28T00:00Z,ocf-hf@d3dea71,2023-03-01,24,23..46,steps 22-47 of 93,True,aswdifd_s:W m-2 aswdir_s:W m-2 u_10m:m s**-1 v_10m:m s**-1,aswdifd_s:avg aswdir_s:avg u_10m:instant v_10m:instant,mean since start (0-h),True,hourly,-6.779,537.8,2.29 (mean over steps),UNSUPPORTED,True,1377x657 d=0.0625 lon -23.5..62.5,,,16,float32 store; 16-bit-class spacing ~0.008 W m-2 in sampled chunks,box-mean hourly min dir -0.0003 dif -0.0004 global -0.0008; point-hours < -5 W m-2: dir 1.9e-06 dif 0.0e+00,True
icon_2023-03-25.json,success,ICON,2023-03-25T00:00Z,ocf-hf@d3dea71,2023-03-26,23,23..45,steps 22-47 of 73,True,aswdifd_s:W m-2 aswdir_s:W m-2 u_10m:m s**-1 v_10m:m s**-1,aswdifd_s:avg aswdir_s:avg u_10m:instant v_10m:instant,mean since start (0-h),True,hourly,-4.782,636.2,4.31 (mean over steps),UNSUPPORTED,True,1377x657 d=0.0625 lon -23.5..62.5,,,16,float32 store; 16-bit-class spacing ~0.008 W m-2 in sampled chunks,box-mean hourly min dir -0.001 dif -0.0006 global -0.0012; point-hours < -5 W m-2: dir 0.0e+00 dif 0.0e+00,True
icon_2023-04-01.json,success,ICON,2023-04-01T00:00Z,ocf-hf@d3dea71,2023-04-02,24,22..45,steps 22-47 of 73,True,aswdifd_s:W m-2 aswdir_s:W m-2 u_10m:m s**-1 v_10m:m s**-1,aswdifd_s:avg aswdir_s:avg u_10m:instant v_10m:instant,mean since start (0-h),True,hourly,-42.714,601.7,4.52 (mean over steps),UNSUPPORTED,True,1377x657 d=0.0625 lon -23.5..62.5,,,16,float32 store; 16-bit-class spacing ~0.008 W m-2 in sampled chunks,box-mean hourly min dir -0.0011 dif -0.0007 global -0.0013; point-hours < -5 W m-2: dir 9.3e-06 dif 0.0e+00,True
icon_2024-10-26.json,success,ICON,2024-10-26T00:00Z,ocf-hf@d3dea71,2024-10-27,25,22..46,steps 22-47 of 79,True,aswdifd_s:W m-2 aswdir_s:W m-2 u_10m:m s**-1 v_10m:m s**-1,aswdifd_s:avg aswdir_s:avg u_10m:instant v_10m:instant,mean since start (0-h),True,hourly,-1.172,459.1,2.23 (mean over steps),UNSUPPORTED,True,1377x657 d=0.0625 lon -23.5..62.5,,,16,float32 store; 16-bit-class spacing ~0.008 W m-2 in sampled chunks,box-mean hourly min dir -0.0006 dif -0.0005 global -0.0009; point-hours < -5 W m-2: dir 0.0e+00 dif 0.0e+00,True
icon_2025-07-28.json,success,ICON,2025-07-28T00:00Z,ocf-hf@d3dea71,2025-07-29,24,22..45,steps 22-47 of 79,True,aswdifd_s:W m-2 aswdir_s:W m-2 u_10m:m s**-1 v_10m:m s**-1,aswdifd_s:avg aswdir_s:avg u_10m:instant v_10m:instant,mean since start (0-h),True,hourly,-4.454,687.5,3.52 (mean over steps),UNSUPPORTED,True,1377x657 d=0.0625 lon -23.5..62.5,,,16,float32 store; 16-bit-class spacing ~0.008 W m-2 in sampled chunks,box-mean hourly min dir -0.0019 dif -0.0003 global -0.0022; point-hours < -5 W m-2: dir 0.0e+00 dif 0.0e+00,True
