origin,history_days,required_start,required_end,required_canonical_hours,absent_leading_calendar_days,absent_leading_canonical_hours,archive_reaches_required_start,fold,phase,available_snapshot_rows,inherited_eligible_training_rows
2020-06-02,728,2018-06-05,2020-06-01,17472,210,5041,False,fold_1,optimistic_warmup,12431,11702
2020-06-02,84,2020-03-10,2020-06-01,2015,0,0,True,fold_1,optimistic_warmup,2015,2012
2020-06-03,728,2018-06-06,2020-06-02,17472,209,5017,False,fold_1,optimistic_warmup,12455,11726
2020-06-03,84,2020-03-11,2020-06-02,2015,0,0,True,fold_1,optimistic_warmup,2015,2012
2020-06-04,728,2018-06-07,2020-06-03,17472,208,4993,False,fold_1,optimistic_warmup,12479,11750
2020-06-04,84,2020-03-12,2020-06-03,2015,0,0,True,fold_1,optimistic_warmup,2015,2012
2020-06-05,728,2018-06-08,2020-06-04,17472,207,4969,False,fold_1,optimistic_warmup,12503,11774
2020-06-05,84,2020-03-13,2020-06-04,2015,0,0,True,fold_1,optimistic_warmup,2015,2012
2020-06-06,728,2018-06-09,2020-06-05,17472,206,4945,False,fold_1,optimistic_warmup,12527,11798
2020-06-06,84,2020-03-14,2020-06-05,2015,0,0,True,fold_1,optimistic_warmup,2015,2012
2020-06-07,728,2018-06-10,2020-06-06,17472,205,4921,False,fold_1,optimistic_warmup,12551,11822
2020-06-07,84,2020-03-15,2020-06-06,2015,0,0,True,fold_1,optimistic_warmup,2015,2012
2020-06-08,728,2018-06-11,2020-06-07,17472,204,4897,False,fold_1,optimistic_warmup,12575,11846
2020-06-08,84,2020-03-16,2020-06-07,2015,0,0,True,fold_1,optimistic_warmup,2015,2012
2020-06-09,728,2018-06-12,2020-06-08,17472,203,4873,False,fold_1,optimistic_warmup,12599,11870
2020-06-09,84,2020-03-17,2020-06-08,2015,0,0,True,fold_1,optimistic_warmup,2015,2012
2020-06-10,728,2018-06-13,2020-06-09,17472,202,4849,False,fold_1,optimistic_warmup,12623,11894
2020-06-10,84,2020-03-18,2020-06-09,2015,0,0,True,fold_1,optimistic_warmup,2015,2012
2020-06-11,728,2018-06-14,2020-06-10,17472,201,4825,False,fold_1,optimistic_warmup,12647,11918
2020-06-11,84,2020-03-19,2020-06-10,2015,0,0,True,fold_1,optimistic_warmup,2015,2012
2020-06-12,728,2018-06-15,2020-06-11,17472,200,4801,False,fold_1,optimistic_warmup,12671,11942
2020-06-12,84,2020-03-20,2020-06-11,2015,0,0,True,fold_1,optimistic_warmup,2015,2012
2020-06-13,728,2018-06-16,2020-06-12,17472,199,4777,False,fold_1,optimistic_warmup,12695,11966
2020-06-13,84,2020-03-21,2020-06-12,2015,0,0,True,fold_1,optimistic_warmup,2015,2012
2020-06-14,728,2018-06-17,2020-06-13,17472,198,4753,False,fold_1,optimistic_warmup,12719,11990
2020-06-14,84,2020-03-22,2020-06-13,2015,0,0,True,fold_1,optimistic_warmup,2015,2012
2020-06-15,728,2018-06-18,2020-06-14,17472,197,4729,False,fold_1,optimistic_warmup,12743,12014
2020-06-15,84,2020-03-23,2020-06-14,2015,0,0,True,fold_1,optimistic_warmup,2015,2012
2020-06-16,728,2018-06-19,2020-06-15,17472,196,4705,False,fold_1,optimistic_warmup,12767,12038
2020-06-16,84,2020-03-24,2020-06-15,2015,0,0,True,fold_1,optimistic_warmup,2015,2012
2020-06-17,728,2018-06-20,2020-06-16,17472,195,4681,False,fold_1,optimistic_warmup,12791,12062
2020-06-17,84,2020-03-25,2020-06-16,2015,0,0,True,fold_1,optimistic_warmup,2015,2012
2020-06-18,728,2018-06-21,2020-06-17,17472,194,4657,False,fold_1,optimistic_warmup,12815,12086
2020-06-18,84,2020-03-26,2020-06-17,2015,0,0,True,fold_1,optimistic_warmup,2015,2012
2020-06-19,728,2018-06-22,2020-06-18,17472,193,4633,False,fold_1,optimistic_warmup,12839,12110
2020-06-19,84,2020-03-27,2020-06-18,2015,0,0,True,fold_1,optimistic_warmup,2015,2012
2020-06-20,728,2018-06-23,2020-06-19,17472,192,4609,False,fold_1,optimistic_warmup,12863,12134
2020-06-20,84,2020-03-28,2020-06-19,2015,0,0,True,fold_1,optimistic_warmup,2015,2012
2020-06-21,728,2018-06-24,2020-06-20,17472,191,4585,False,fold_1,optimistic_warmup,12887,12158
2020-06-21,84,2020-03-29,2020-06-20,2015,0,0,True,fold_1,optimistic_warmup,2015,2012
2020-06-22,728,2018-06-25,2020-06-21,17472,190,4561,False,fold_1,optimistic_warmup,12911,12182
2020-06-22,84,2020-03-30,2020-06-21,2016,0,0,True,fold_1,optimistic_warmup,2016,2013
2020-06-23,728,2018-06-26,2020-06-22,17472,189,4537,False,fold_1,optimistic_warmup,12935,12206
2020-06-23,84,2020-03-31,2020-06-22,2016,0,0,True,fold_1,optimistic_warmup,2016,2014
2020-06-24,728,2018-06-27,2020-06-23,17472,188,4513,False,fold_1,optimistic_warmup,12959,12230
2020-06-24,84,2020-04-01,2020-06-23,2016,0,0,True,fold_1,optimistic_warmup,2016,2015
2020-06-25,728,2018-06-28,2020-06-24,17472,187,4489,False,fold_1,optimistic_warmup,12983,12254
2020-06-25,84,2020-04-02,2020-06-24,2016,0,0,True,fold_1,optimistic_warmup,2016,2015
2020-06-26,728,2018-06-29,2020-06-25,17472,186,4465,False,fold_1,optimistic_warmup,13007,12278
2020-06-26,84,2020-04-03,2020-06-25,2016,0,0,True,fold_1,optimistic_warmup,2016,2015
2020-06-27,728,2018-06-30,2020-06-26,17472,185,4441,False,fold_1,optimistic_warmup,13031,12302
2020-06-27,84,2020-04-04,2020-06-26,2016,0,0,True,fold_1,optimistic_warmup,2016,2015
2020-06-28,728,2018-07-01,2020-06-27,17472,184,4417,False,fold_1,optimistic_warmup,13055,12326
2020-06-28,84,2020-04-05,2020-06-27,2016,0,0,True,fold_1,optimistic_warmup,2016,2015
2020-06-29,728,2018-07-02,2020-06-28,17472,183,4393,False,fold_1,optimistic_warmup,13079,12350
2020-06-29,84,2020-04-06,2020-06-28,2016,0,0,True,fold_1,optimistic_warmup,2016,2016
2020-06-30,728,2018-07-03,2020-06-29,17472,182,4369,False,fold_1,optimistic_warmup,13103,12374
2020-06-30,84,2020-04-07,2020-06-29,2016,0,0,True,fold_1,optimistic_warmup,2016,2016
2020-07-01,728,2018-07-04,2020-06-30,17472,181,4345,False,fold_1,evaluation,13127,12398
2020-07-01,84,2020-04-08,2020-06-30,2016,0,0,True,fold_1,evaluation,2016,2016
2020-07-02,728,2018-07-05,2020-07-01,17472,180,4321,False,fold_1,evaluation,13151,12422
2020-07-02,84,2020-04-09,2020-07-01,2016,0,0,True,fold_1,evaluation,2016,2016
2020-07-03,728,2018-07-06,2020-07-02,17472,179,4297,False,fold_1,evaluation,13175,12446
2020-07-03,84,2020-04-10,2020-07-02,2016,0,0,True,fold_1,evaluation,2016,2016
2020-07-04,728,2018-07-07,2020-07-03,17472,178,4273,False,fold_1,evaluation,13199,12470
2020-07-04,84,2020-04-11,2020-07-03,2016,0,0,True,fold_1,evaluation,2016,2016
2020-07-05,728,2018-07-08,2020-07-04,17472,177,4249,False,fold_1,evaluation,13223,12494
2020-07-05,84,2020-04-12,2020-07-04,2016,0,0,True,fold_1,evaluation,2016,2016
2020-07-06,728,2018-07-09,2020-07-05,17472,176,4225,False,fold_1,evaluation,13247,12518
2020-07-06,84,2020-04-13,2020-07-05,2016,0,0,True,fold_1,evaluation,2016,2016
2020-07-07,728,2018-07-10,2020-07-06,17472,175,4201,False,fold_1,evaluation,13271,12542
2020-07-07,84,2020-04-14,2020-07-06,2016,0,0,True,fold_1,evaluation,2016,2016
2020-07-08,728,2018-07-11,2020-07-07,17472,174,4177,False,fold_1,evaluation,13295,12566
2020-07-08,84,2020-04-15,2020-07-07,2016,0,0,True,fold_1,evaluation,2016,2016
2020-07-09,728,2018-07-12,2020-07-08,17472,173,4153,False,fold_1,evaluation,13319,12590
2020-07-09,84,2020-04-16,2020-07-08,2016,0,0,True,fold_1,evaluation,2016,2016
2020-07-10,728,2018-07-13,2020-07-09,17472,172,4129,False,fold_1,evaluation,13343,12614
2020-07-10,84,2020-04-17,2020-07-09,2016,0,0,True,fold_1,evaluation,2016,2016
2020-07-11,728,2018-07-14,2020-07-10,17472,171,4105,False,fold_1,evaluation,13367,12638
2020-07-11,84,2020-04-18,2020-07-10,2016,0,0,True,fold_1,evaluation,2016,2016
2020-07-12,728,2018-07-15,2020-07-11,17472,170,4081,False,fold_1,evaluation,13391,12662
2020-07-12,84,2020-04-19,2020-07-11,2016,0,0,True,fold_1,evaluation,2016,2016
2020-07-13,728,2018-07-16,2020-07-12,17472,169,4057,False,fold_1,evaluation,13415,12686
2020-07-13,84,2020-04-20,2020-07-12,2016,0,0,True,fold_1,evaluation,2016,2016
2020-07-14,728,2018-07-17,2020-07-13,17472,168,4033,False,fold_1,evaluation,13439,12710
2020-07-14,84,2020-04-21,2020-07-13,2016,0,0,True,fold_1,evaluation,2016,2016
2020-07-15,728,2018-07-18,2020-07-14,17472,167,4009,False,fold_1,evaluation,13463,12734
2020-07-15,84,2020-04-22,2020-07-14,2016,0,0,True,fold_1,evaluation,2016,2016
2020-07-16,728,2018-07-19,2020-07-15,17472,166,3985,False,fold_1,evaluation,13487,12758
2020-07-16,84,2020-04-23,2020-07-15,2016,0,0,True,fold_1,evaluation,2016,2016
2020-07-17,728,2018-07-20,2020-07-16,17472,165,3961,False,fold_1,evaluation,13511,12782
2020-07-17,84,2020-04-24,2020-07-16,2016,0,0,True,fold_1,evaluation,2016,2016
2020-07-18,728,2018-07-21,2020-07-17,17472,164,3937,False,fold_1,evaluation,13535,12806
2020-07-18,84,2020-04-25,2020-07-17,2016,0,0,True,fold_1,evaluation,2016,2016
2020-07-19,728,2018-07-22,2020-07-18,17472,163,3913,False,fold_1,evaluation,13559,12830
2020-07-19,84,2020-04-26,2020-07-18,2016,0,0,True,fold_1,evaluation,2016,2016
2020-07-20,728,2018-07-23,2020-07-19,17472,162,3889,False,fold_1,evaluation,13583,12854
2020-07-20,84,2020-04-27,2020-07-19,2016,0,0,True,fold_1,evaluation,2016,2016
2020-07-21,728,2018-07-24,2020-07-20,17472,161,3865,False,fold_1,evaluation,13607,12878
2020-07-21,84,2020-04-28,2020-07-20,2016,0,0,True,fold_1,evaluation,2016,2016
2020-07-22,728,2018-07-25,2020-07-21,17472,160,3841,False,fold_1,evaluation,13631,12902
2020-07-22,84,2020-04-29,2020-07-21,2016,0,0,True,fold_1,evaluation,2016,2016
2020-07-23,728,2018-07-26,2020-07-22,17472,159,3817,False,fold_1,evaluation,13655,12926
2020-07-23,84,2020-04-30,2020-07-22,2016,0,0,True,fold_1,evaluation,2016,2016
2020-07-24,728,2018-07-27,2020-07-23,17472,158,3793,False,fold_1,evaluation,13679,12950
2020-07-24,84,2020-05-01,2020-07-23,2016,0,0,True,fold_1,evaluation,2016,2016
2020-07-25,728,2018-07-28,2020-07-24,17472,157,3769,False,fold_1,evaluation,13703,12974
2020-07-25,84,2020-05-02,2020-07-24,2016,0,0,True,fold_1,evaluation,2016,2016
2020-07-26,728,2018-07-29,2020-07-25,17472,156,3745,False,fold_1,evaluation,13727,12998
2020-07-26,84,2020-05-03,2020-07-25,2016,0,0,True,fold_1,evaluation,2016,2016
2020-07-27,728,2018-07-30,2020-07-26,17472,155,3721,False,fold_1,evaluation,13751,13022
2020-07-27,84,2020-05-04,2020-07-26,2016,0,0,True,fold_1,evaluation,2016,2016
2020-07-28,728,2018-07-31,2020-07-27,17472,154,3697,False,fold_1,evaluation,13775,13046
2020-07-28,84,2020-05-05,2020-07-27,2016,0,0,True,fold_1,evaluation,2016,2016
2020-07-29,728,2018-08-01,2020-07-28,17472,153,3673,False,fold_1,evaluation,13799,13070
2020-07-29,84,2020-05-06,2020-07-28,2016,0,0,True,fold_1,evaluation,2016,2016
2020-07-30,728,2018-08-02,2020-07-29,17472,152,3649,False,fold_1,evaluation,13823,13094
2020-07-30,84,2020-05-07,2020-07-29,2016,0,0,True,fold_1,evaluation,2016,2016
2020-07-31,728,2018-08-03,2020-07-30,17472,151,3625,False,fold_1,evaluation,13847,13118
2020-07-31,84,2020-05-08,2020-07-30,2016,0,0,True,fold_1,evaluation,2016,2016
2020-08-01,728,2018-08-04,2020-07-31,17472,150,3601,False,fold_1,evaluation,13871,13142
2020-08-01,84,2020-05-09,2020-07-31,2016,0,0,True,fold_1,evaluation,2016,2016
2020-08-02,728,2018-08-05,2020-08-01,17472,149,3577,False,fold_1,evaluation,13895,13166
2020-08-02,84,2020-05-10,2020-08-01,2016,0,0,True,fold_1,evaluation,2016,2016
2020-08-03,728,2018-08-06,2020-08-02,17472,148,3553,False,fold_1,evaluation,13919,13190
2020-08-03,84,2020-05-11,2020-08-02,2016,0,0,True,fold_1,evaluation,2016,2016
2020-08-04,728,2018-08-07,2020-08-03,17472,147,3529,False,fold_1,evaluation,13943,13214
2020-08-04,84,2020-05-12,2020-08-03,2016,0,0,True,fold_1,evaluation,2016,2016
2020-08-05,728,2018-08-08,2020-08-04,17472,146,3505,False,fold_1,evaluation,13967,13238
2020-08-05,84,2020-05-13,2020-08-04,2016,0,0,True,fold_1,evaluation,2016,2016
2020-08-06,728,2018-08-09,2020-08-05,17472,145,3481,False,fold_1,evaluation,13991,13262
2020-08-06,84,2020-05-14,2020-08-05,2016,0,0,True,fold_1,evaluation,2016,2016
2020-08-07,728,2018-08-10,2020-08-06,17472,144,3457,False,fold_1,evaluation,14015,13286
2020-08-07,84,2020-05-15,2020-08-06,2016,0,0,True,fold_1,evaluation,2016,2016
2020-08-08,728,2018-08-11,2020-08-07,17472,143,3433,False,fold_1,evaluation,14039,13310
2020-08-08,84,2020-05-16,2020-08-07,2016,0,0,True,fold_1,evaluation,2016,2016
2020-08-09,728,2018-08-12,2020-08-08,17472,142,3409,False,fold_1,evaluation,14063,13334
2020-08-09,84,2020-05-17,2020-08-08,2016,0,0,True,fold_1,evaluation,2016,2016
2020-08-10,728,2018-08-13,2020-08-09,17472,141,3385,False,fold_1,evaluation,14087,13358
2020-08-10,84,2020-05-18,2020-08-09,2016,0,0,True,fold_1,evaluation,2016,2016
2020-08-11,728,2018-08-14,2020-08-10,17472,140,3361,False,fold_1,evaluation,14111,13382
2020-08-11,84,2020-05-19,2020-08-10,2016,0,0,True,fold_1,evaluation,2016,2016
2020-08-12,728,2018-08-15,2020-08-11,17472,139,3337,False,fold_1,evaluation,14135,13406
2020-08-12,84,2020-05-20,2020-08-11,2016,0,0,True,fold_1,evaluation,2016,2016
2020-08-13,728,2018-08-16,2020-08-12,17472,138,3313,False,fold_1,evaluation,14159,13430
2020-08-13,84,2020-05-21,2020-08-12,2016,0,0,True,fold_1,evaluation,2016,2016
2020-08-14,728,2018-08-17,2020-08-13,17472,137,3289,False,fold_1,evaluation,14183,13454
2020-08-14,84,2020-05-22,2020-08-13,2016,0,0,True,fold_1,evaluation,2016,2016
2020-08-15,728,2018-08-18,2020-08-14,17472,136,3265,False,fold_1,evaluation,14207,13478
2020-08-15,84,2020-05-23,2020-08-14,2016,0,0,True,fold_1,evaluation,2016,2016
2020-08-16,728,2018-08-19,2020-08-15,17472,135,3241,False,fold_1,evaluation,14231,13502
2020-08-16,84,2020-05-24,2020-08-15,2016,0,0,True,fold_1,evaluation,2016,2016
2020-08-17,728,2018-08-20,2020-08-16,17472,134,3217,False,fold_1,evaluation,14255,13526
2020-08-17,84,2020-05-25,2020-08-16,2016,0,0,True,fold_1,evaluation,2016,2016
2020-08-18,728,2018-08-21,2020-08-17,17472,133,3193,False,fold_1,evaluation,14279,13550
2020-08-18,84,2020-05-26,2020-08-17,2016,0,0,True,fold_1,evaluation,2016,2016
2020-08-19,728,2018-08-22,2020-08-18,17472,132,3169,False,fold_1,evaluation,14303,13574
2020-08-19,84,2020-05-27,2020-08-18,2016,0,0,True,fold_1,evaluation,2016,2016
2020-08-20,728,2018-08-23,2020-08-19,17472,131,3145,False,fold_1,evaluation,14327,13598
2020-08-20,84,2020-05-28,2020-08-19,2016,0,0,True,fold_1,evaluation,2016,2016
2020-08-21,728,2018-08-24,2020-08-20,17472,130,3121,False,fold_1,evaluation,14351,13622
2020-08-21,84,2020-05-29,2020-08-20,2016,0,0,True,fold_1,evaluation,2016,2016
2020-08-22,728,2018-08-25,2020-08-21,17472,129,3097,False,fold_1,evaluation,14375,13646
2020-08-22,84,2020-05-30,2020-08-21,2016,0,0,True,fold_1,evaluation,2016,2016
2020-08-23,728,2018-08-26,2020-08-22,17472,128,3073,False,fold_1,evaluation,14399,13670
2020-08-23,84,2020-05-31,2020-08-22,2016,0,0,True,fold_1,evaluation,2016,2016
2020-08-24,728,2018-08-27,2020-08-23,17472,127,3049,False,fold_1,evaluation,14423,13694
2020-08-24,84,2020-06-01,2020-08-23,2016,0,0,True,fold_1,evaluation,2016,2016
2020-08-25,728,2018-08-28,2020-08-24,17472,126,3025,False,fold_1,evaluation,14447,13718
2020-08-25,84,2020-06-02,2020-08-24,2016,0,0,True,fold_1,evaluation,2016,2016
2020-08-26,728,2018-08-29,2020-08-25,17472,125,3001,False,fold_1,evaluation,14471,13742
2020-08-26,84,2020-06-03,2020-08-25,2016,0,0,True,fold_1,evaluation,2016,2016
2020-08-27,728,2018-08-30,2020-08-26,17472,124,2977,False,fold_1,evaluation,14495,13766
2020-08-27,84,2020-06-04,2020-08-26,2016,0,0,True,fold_1,evaluation,2016,2016
2020-08-28,728,2018-08-31,2020-08-27,17472,123,2953,False,fold_1,evaluation,14519,13790
2020-08-28,84,2020-06-05,2020-08-27,2016,0,0,True,fold_1,evaluation,2016,2016
2020-08-29,728,2018-09-01,2020-08-28,17472,122,2929,False,fold_1,evaluation,14543,13814
2020-08-29,84,2020-06-06,2020-08-28,2016,0,0,True,fold_1,evaluation,2016,2016
2020-08-30,728,2018-09-02,2020-08-29,17472,121,2905,False,fold_1,evaluation,14567,13838
2020-08-30,84,2020-06-07,2020-08-29,2016,0,0,True,fold_1,evaluation,2016,2016
2020-08-31,728,2018-09-03,2020-08-30,17472,120,2881,False,fold_1,evaluation,14591,13862
2020-08-31,84,2020-06-08,2020-08-30,2016,0,0,True,fold_1,evaluation,2016,2016
2020-09-01,728,2018-09-04,2020-08-31,17472,119,2857,False,fold_1,evaluation,14615,13886
2020-09-01,84,2020-06-09,2020-08-31,2016,0,0,True,fold_1,evaluation,2016,2016
2020-09-02,728,2018-09-05,2020-09-01,17472,118,2833,False,fold_1,evaluation,14639,13910
2020-09-02,84,2020-06-10,2020-09-01,2016,0,0,True,fold_1,evaluation,2016,2016
2020-09-03,728,2018-09-06,2020-09-02,17472,117,2809,False,fold_1,evaluation,14663,13934
2020-09-03,84,2020-06-11,2020-09-02,2016,0,0,True,fold_1,evaluation,2016,2016
2020-09-04,728,2018-09-07,2020-09-03,17472,116,2785,False,fold_1,evaluation,14687,13958
2020-09-04,84,2020-06-12,2020-09-03,2016,0,0,True,fold_1,evaluation,2016,2016
2020-09-05,728,2018-09-08,2020-09-04,17472,115,2761,False,fold_1,evaluation,14711,13982
2020-09-05,84,2020-06-13,2020-09-04,2016,0,0,True,fold_1,evaluation,2016,2016
2020-09-06,728,2018-09-09,2020-09-05,17472,114,2737,False,fold_1,evaluation,14735,14006
2020-09-06,84,2020-06-14,2020-09-05,2016,0,0,True,fold_1,evaluation,2016,2016
2020-09-07,728,2018-09-10,2020-09-06,17472,113,2713,False,fold_1,evaluation,14759,14030
2020-09-07,84,2020-06-15,2020-09-06,2016,0,0,True,fold_1,evaluation,2016,2016
2020-09-08,728,2018-09-11,2020-09-07,17472,112,2689,False,fold_1,evaluation,14783,14054
2020-09-08,84,2020-06-16,2020-09-07,2016,0,0,True,fold_1,evaluation,2016,2016
2020-09-09,728,2018-09-12,2020-09-08,17472,111,2665,False,fold_1,evaluation,14807,14078
2020-09-09,84,2020-06-17,2020-09-08,2016,0,0,True,fold_1,evaluation,2016,2016
2020-09-10,728,2018-09-13,2020-09-09,17472,110,2641,False,fold_1,evaluation,14831,14102
2020-09-10,84,2020-06-18,2020-09-09,2016,0,0,True,fold_1,evaluation,2016,2016
2020-09-11,728,2018-09-14,2020-09-10,17472,109,2617,False,fold_1,evaluation,14855,14126
2020-09-11,84,2020-06-19,2020-09-10,2016,0,0,True,fold_1,evaluation,2016,2016
2020-09-12,728,2018-09-15,2020-09-11,17472,108,2593,False,fold_1,evaluation,14879,14150
2020-09-12,84,2020-06-20,2020-09-11,2016,0,0,True,fold_1,evaluation,2016,2016
2020-09-13,728,2018-09-16,2020-09-12,17472,107,2569,False,fold_1,evaluation,14903,14174
2020-09-13,84,2020-06-21,2020-09-12,2016,0,0,True,fold_1,evaluation,2016,2016
2020-09-14,728,2018-09-17,2020-09-13,17472,106,2545,False,fold_1,evaluation,14927,14198
2020-09-14,84,2020-06-22,2020-09-13,2016,0,0,True,fold_1,evaluation,2016,2016
2020-09-15,728,2018-09-18,2020-09-14,17472,105,2521,False,fold_1,evaluation,14951,14222
2020-09-15,84,2020-06-23,2020-09-14,2016,0,0,True,fold_1,evaluation,2016,2016
2020-09-16,728,2018-09-19,2020-09-15,17472,104,2497,False,fold_1,evaluation,14975,14246
2020-09-16,84,2020-06-24,2020-09-15,2016,0,0,True,fold_1,evaluation,2016,2016
2020-09-17,728,2018-09-20,2020-09-16,17472,103,2473,False,fold_1,evaluation,14999,14270
2020-09-17,84,2020-06-25,2020-09-16,2016,0,0,True,fold_1,evaluation,2016,2016
2020-09-18,728,2018-09-21,2020-09-17,17472,102,2449,False,fold_1,evaluation,15023,14294
2020-09-18,84,2020-06-26,2020-09-17,2016,0,0,True,fold_1,evaluation,2016,2016
2020-09-19,728,2018-09-22,2020-09-18,17472,101,2425,False,fold_1,evaluation,15047,14318
2020-09-19,84,2020-06-27,2020-09-18,2016,0,0,True,fold_1,evaluation,2016,2016
2020-09-20,728,2018-09-23,2020-09-19,17472,100,2401,False,fold_1,evaluation,15071,14342
2020-09-20,84,2020-06-28,2020-09-19,2016,0,0,True,fold_1,evaluation,2016,2016
2020-09-21,728,2018-09-24,2020-09-20,17472,99,2377,False,fold_1,evaluation,15095,14366
2020-09-21,84,2020-06-29,2020-09-20,2016,0,0,True,fold_1,evaluation,2016,2016
2020-09-22,728,2018-09-25,2020-09-21,17472,98,2353,False,fold_1,evaluation,15119,14390
2020-09-22,84,2020-06-30,2020-09-21,2016,0,0,True,fold_1,evaluation,2016,2016
2020-09-23,728,2018-09-26,2020-09-22,17472,97,2329,False,fold_1,evaluation,15143,14414
2020-09-23,84,2020-07-01,2020-09-22,2016,0,0,True,fold_1,evaluation,2016,2016
2020-09-24,728,2018-09-27,2020-09-23,17472,96,2305,False,fold_1,evaluation,15167,14438
2020-09-24,84,2020-07-02,2020-09-23,2016,0,0,True,fold_1,evaluation,2016,2016
2020-09-25,728,2018-09-28,2020-09-24,17472,95,2281,False,fold_1,evaluation,15191,14462
2020-09-25,84,2020-07-03,2020-09-24,2016,0,0,True,fold_1,evaluation,2016,2016
2020-09-26,728,2018-09-29,2020-09-25,17472,94,2257,False,fold_1,evaluation,15215,14486
2020-09-26,84,2020-07-04,2020-09-25,2016,0,0,True,fold_1,evaluation,2016,2016
2020-09-27,728,2018-09-30,2020-09-26,17472,93,2233,False,fold_1,evaluation,15239,14510
2020-09-27,84,2020-07-05,2020-09-26,2016,0,0,True,fold_1,evaluation,2016,2016
2020-09-28,728,2018-10-01,2020-09-27,17472,92,2209,False,fold_1,evaluation,15263,14534
2020-09-28,84,2020-07-06,2020-09-27,2016,0,0,True,fold_1,evaluation,2016,2016
2021-03-03,728,2019-03-06,2021-03-02,17472,0,0,True,fold_2,optimistic_warmup,17472,17460
2021-03-03,84,2020-12-09,2021-03-02,2016,0,0,True,fold_2,optimistic_warmup,2016,2016
2021-03-04,728,2019-03-07,2021-03-03,17472,0,0,True,fold_2,optimistic_warmup,17472,17460
2021-03-04,84,2020-12-10,2021-03-03,2016,0,0,True,fold_2,optimistic_warmup,2016,2016
2021-03-05,728,2019-03-08,2021-03-04,17472,0,0,True,fold_2,optimistic_warmup,17472,17460
2021-03-05,84,2020-12-11,2021-03-04,2016,0,0,True,fold_2,optimistic_warmup,2016,2016
2021-03-06,728,2019-03-09,2021-03-05,17472,0,0,True,fold_2,optimistic_warmup,17472,17460
2021-03-06,84,2020-12-12,2021-03-05,2016,0,0,True,fold_2,optimistic_warmup,2016,2016
2021-03-07,728,2019-03-10,2021-03-06,17472,0,0,True,fold_2,optimistic_warmup,17472,17460
2021-03-07,84,2020-12-13,2021-03-06,2016,0,0,True,fold_2,optimistic_warmup,2016,2016
2021-03-08,728,2019-03-11,2021-03-07,17472,0,0,True,fold_2,optimistic_warmup,17472,17460
2021-03-08,84,2020-12-14,2021-03-07,2016,0,0,True,fold_2,optimistic_warmup,2016,2016
2021-03-09,728,2019-03-12,2021-03-08,17472,0,0,True,fold_2,optimistic_warmup,17472,17460
2021-03-09,84,2020-12-15,2021-03-08,2016,0,0,True,fold_2,optimistic_warmup,2016,2016
2021-03-10,728,2019-03-13,2021-03-09,17472,0,0,True,fold_2,optimistic_warmup,17472,17460
2021-03-10,84,2020-12-16,2021-03-09,2016,0,0,True,fold_2,optimistic_warmup,2016,2016
2021-03-11,728,2019-03-14,2021-03-10,17472,0,0,True,fold_2,optimistic_warmup,17472,17460
2021-03-11,84,2020-12-17,2021-03-10,2016,0,0,True,fold_2,optimistic_warmup,2016,2016
2021-03-12,728,2019-03-15,2021-03-11,17472,0,0,True,fold_2,optimistic_warmup,17472,17460
2021-03-12,84,2020-12-18,2021-03-11,2016,0,0,True,fold_2,optimistic_warmup,2016,2016
2021-03-13,728,2019-03-16,2021-03-12,17472,0,0,True,fold_2,optimistic_warmup,17472,17460
2021-03-13,84,2020-12-19,2021-03-12,2016,0,0,True,fold_2,optimistic_warmup,2016,2016
2021-03-14,728,2019-03-17,2021-03-13,17472,0,0,True,fold_2,optimistic_warmup,17472,17460
2021-03-14,84,2020-12-20,2021-03-13,2016,0,0,True,fold_2,optimistic_warmup,2016,2016
2021-03-15,728,2019-03-18,2021-03-14,17472,0,0,True,fold_2,optimistic_warmup,17472,17460
2021-03-15,84,2020-12-21,2021-03-14,2016,0,0,True,fold_2,optimistic_warmup,2016,2016
2021-03-16,728,2019-03-19,2021-03-15,17472,0,0,True,fold_2,optimistic_warmup,17472,17460
2021-03-16,84,2020-12-22,2021-03-15,2016,0,0,True,fold_2,optimistic_warmup,2016,2016
2021-03-17,728,2019-03-20,2021-03-16,17472,0,0,True,fold_2,optimistic_warmup,17472,17460
2021-03-17,84,2020-12-23,2021-03-16,2016,0,0,True,fold_2,optimistic_warmup,2016,2016
2021-03-18,728,2019-03-21,2021-03-17,17472,0,0,True,fold_2,optimistic_warmup,17472,17460
2021-03-18,84,2020-12-24,2021-03-17,2016,0,0,True,fold_2,optimistic_warmup,2016,2016
2021-03-19,728,2019-03-22,2021-03-18,17472,0,0,True,fold_2,optimistic_warmup,17472,17460
2021-03-19,84,2020-12-25,2021-03-18,2016,0,0,True,fold_2,optimistic_warmup,2016,2016
2021-03-20,728,2019-03-23,2021-03-19,17472,0,0,True,fold_2,optimistic_warmup,17472,17460
2021-03-20,84,2020-12-26,2021-03-19,2016,0,0,True,fold_2,optimistic_warmup,2016,2016
2021-03-21,728,2019-03-24,2021-03-20,17472,0,0,True,fold_2,optimistic_warmup,17472,17460
2021-03-21,84,2020-12-27,2021-03-20,2016,0,0,True,fold_2,optimistic_warmup,2016,2016
2021-03-22,728,2019-03-25,2021-03-21,17472,0,0,True,fold_2,optimistic_warmup,17472,17460
2021-03-22,84,2020-12-28,2021-03-21,2016,0,0,True,fold_2,optimistic_warmup,2016,2016
2021-03-23,728,2019-03-26,2021-03-22,17472,0,0,True,fold_2,optimistic_warmup,17472,17460
2021-03-23,84,2020-12-29,2021-03-22,2016,0,0,True,fold_2,optimistic_warmup,2016,2016
2021-03-24,728,2019-03-27,2021-03-23,17472,0,0,True,fold_2,optimistic_warmup,17472,17460
2021-03-24,84,2020-12-30,2021-03-23,2016,0,0,True,fold_2,optimistic_warmup,2016,2016
2021-03-25,728,2019-03-28,2021-03-24,17472,0,0,True,fold_2,optimistic_warmup,17472,17460
2021-03-25,84,2020-12-31,2021-03-24,2016,0,0,True,fold_2,optimistic_warmup,2016,2016
2021-03-26,728,2019-03-29,2021-03-25,17472,0,0,True,fold_2,optimistic_warmup,17472,17460
2021-03-26,84,2021-01-01,2021-03-25,2016,0,0,True,fold_2,optimistic_warmup,2016,2016
2021-03-27,728,2019-03-30,2021-03-26,17472,0,0,True,fold_2,optimistic_warmup,17472,17460
2021-03-27,84,2021-01-02,2021-03-26,2016,0,0,True,fold_2,optimistic_warmup,2016,2016
2021-03-28,728,2019-03-31,2021-03-27,17472,0,0,True,fold_2,optimistic_warmup,17472,17460
2021-03-28,84,2021-01-03,2021-03-27,2016,0,0,True,fold_2,optimistic_warmup,2016,2016
2021-03-29,728,2019-04-01,2021-03-28,17472,0,0,True,fold_2,optimistic_warmup,17472,17460
2021-03-29,84,2021-01-04,2021-03-28,2015,0,0,True,fold_2,optimistic_warmup,2015,2015
2021-03-30,728,2019-04-02,2021-03-29,17472,0,0,True,fold_2,optimistic_warmup,17472,17460
2021-03-30,84,2021-01-05,2021-03-29,2015,0,0,True,fold_2,optimistic_warmup,2015,2014
2021-03-31,728,2019-04-03,2021-03-30,17472,0,0,True,fold_2,optimistic_warmup,17472,17460
2021-03-31,84,2021-01-06,2021-03-30,2015,0,0,True,fold_2,optimistic_warmup,2015,2013
2021-04-01,728,2019-04-04,2021-03-31,17472,0,0,True,fold_2,evaluation,17472,17460
2021-04-01,84,2021-01-07,2021-03-31,2015,0,0,True,fold_2,evaluation,2015,2013
2021-04-02,728,2019-04-05,2021-04-01,17472,0,0,True,fold_2,evaluation,17472,17460
2021-04-02,84,2021-01-08,2021-04-01,2015,0,0,True,fold_2,evaluation,2015,2013
2021-04-03,728,2019-04-06,2021-04-02,17472,0,0,True,fold_2,evaluation,17472,17460
2021-04-03,84,2021-01-09,2021-04-02,2015,0,0,True,fold_2,evaluation,2015,2013
2021-04-04,728,2019-04-07,2021-04-03,17472,0,0,True,fold_2,evaluation,17472,17460
2021-04-04,84,2021-01-10,2021-04-03,2015,0,0,True,fold_2,evaluation,2015,2013
2021-04-05,728,2019-04-08,2021-04-04,17472,0,0,True,fold_2,evaluation,17472,17460
2021-04-05,84,2021-01-11,2021-04-04,2015,0,0,True,fold_2,evaluation,2015,2012
2021-04-06,728,2019-04-09,2021-04-05,17472,0,0,True,fold_2,evaluation,17472,17460
2021-04-06,84,2021-01-12,2021-04-05,2015,0,0,True,fold_2,evaluation,2015,2012
2021-04-07,728,2019-04-10,2021-04-06,17472,0,0,True,fold_2,evaluation,17472,17460
2021-04-07,84,2021-01-13,2021-04-06,2015,0,0,True,fold_2,evaluation,2015,2012
2021-04-08,728,2019-04-11,2021-04-07,17472,0,0,True,fold_2,evaluation,17472,17460
2021-04-08,84,2021-01-14,2021-04-07,2015,0,0,True,fold_2,evaluation,2015,2012
2021-04-09,728,2019-04-12,2021-04-08,17472,0,0,True,fold_2,evaluation,17472,17460
2021-04-09,84,2021-01-15,2021-04-08,2015,0,0,True,fold_2,evaluation,2015,2012
2021-04-10,728,2019-04-13,2021-04-09,17472,0,0,True,fold_2,evaluation,17472,17460
2021-04-10,84,2021-01-16,2021-04-09,2015,0,0,True,fold_2,evaluation,2015,2012
2021-04-11,728,2019-04-14,2021-04-10,17472,0,0,True,fold_2,evaluation,17472,17460
2021-04-11,84,2021-01-17,2021-04-10,2015,0,0,True,fold_2,evaluation,2015,2012
2021-04-12,728,2019-04-15,2021-04-11,17472,0,0,True,fold_2,evaluation,17472,17460
2021-04-12,84,2021-01-18,2021-04-11,2015,0,0,True,fold_2,evaluation,2015,2012
2021-04-13,728,2019-04-16,2021-04-12,17472,0,0,True,fold_2,evaluation,17472,17460
2021-04-13,84,2021-01-19,2021-04-12,2015,0,0,True,fold_2,evaluation,2015,2012
2021-04-14,728,2019-04-17,2021-04-13,17472,0,0,True,fold_2,evaluation,17472,17460
2021-04-14,84,2021-01-20,2021-04-13,2015,0,0,True,fold_2,evaluation,2015,2012
2021-04-15,728,2019-04-18,2021-04-14,17472,0,0,True,fold_2,evaluation,17472,17460
2021-04-15,84,2021-01-21,2021-04-14,2015,0,0,True,fold_2,evaluation,2015,2012
2021-04-16,728,2019-04-19,2021-04-15,17472,0,0,True,fold_2,evaluation,17472,17460
2021-04-16,84,2021-01-22,2021-04-15,2015,0,0,True,fold_2,evaluation,2015,2012
2021-04-17,728,2019-04-20,2021-04-16,17472,0,0,True,fold_2,evaluation,17472,17460
2021-04-17,84,2021-01-23,2021-04-16,2015,0,0,True,fold_2,evaluation,2015,2012
2021-04-18,728,2019-04-21,2021-04-17,17472,0,0,True,fold_2,evaluation,17472,17460
2021-04-18,84,2021-01-24,2021-04-17,2015,0,0,True,fold_2,evaluation,2015,2012
2021-04-19,728,2019-04-22,2021-04-18,17472,0,0,True,fold_2,evaluation,17472,17460
2021-04-19,84,2021-01-25,2021-04-18,2015,0,0,True,fold_2,evaluation,2015,2012
2021-04-20,728,2019-04-23,2021-04-19,17472,0,0,True,fold_2,evaluation,17472,17460
2021-04-20,84,2021-01-26,2021-04-19,2015,0,0,True,fold_2,evaluation,2015,2012
2021-04-21,728,2019-04-24,2021-04-20,17472,0,0,True,fold_2,evaluation,17472,17460
2021-04-21,84,2021-01-27,2021-04-20,2015,0,0,True,fold_2,evaluation,2015,2012
2021-04-22,728,2019-04-25,2021-04-21,17472,0,0,True,fold_2,evaluation,17472,17460
2021-04-22,84,2021-01-28,2021-04-21,2015,0,0,True,fold_2,evaluation,2015,2012
2021-04-23,728,2019-04-26,2021-04-22,17472,0,0,True,fold_2,evaluation,17472,17460
2021-04-23,84,2021-01-29,2021-04-22,2015,0,0,True,fold_2,evaluation,2015,2012
2021-04-24,728,2019-04-27,2021-04-23,17472,0,0,True,fold_2,evaluation,17472,17460
2021-04-24,84,2021-01-30,2021-04-23,2015,0,0,True,fold_2,evaluation,2015,2012
2021-04-25,728,2019-04-28,2021-04-24,17472,0,0,True,fold_2,evaluation,17472,17460
2021-04-25,84,2021-01-31,2021-04-24,2015,0,0,True,fold_2,evaluation,2015,2012
2021-04-26,728,2019-04-29,2021-04-25,17472,0,0,True,fold_2,evaluation,17472,17460
2021-04-26,84,2021-02-01,2021-04-25,2015,0,0,True,fold_2,evaluation,2015,2012
2021-04-27,728,2019-04-30,2021-04-26,17472,0,0,True,fold_2,evaluation,17472,17460
2021-04-27,84,2021-02-02,2021-04-26,2015,0,0,True,fold_2,evaluation,2015,2012
2021-04-28,728,2019-05-01,2021-04-27,17472,0,0,True,fold_2,evaluation,17472,17460
2021-04-28,84,2021-02-03,2021-04-27,2015,0,0,True,fold_2,evaluation,2015,2012
2021-04-29,728,2019-05-02,2021-04-28,17472,0,0,True,fold_2,evaluation,17472,17460
2021-04-29,84,2021-02-04,2021-04-28,2015,0,0,True,fold_2,evaluation,2015,2012
2021-04-30,728,2019-05-03,2021-04-29,17472,0,0,True,fold_2,evaluation,17472,17460
2021-04-30,84,2021-02-05,2021-04-29,2015,0,0,True,fold_2,evaluation,2015,2012
2021-05-01,728,2019-05-04,2021-04-30,17472,0,0,True,fold_2,evaluation,17472,17460
2021-05-01,84,2021-02-06,2021-04-30,2015,0,0,True,fold_2,evaluation,2015,2012
2021-05-02,728,2019-05-05,2021-05-01,17472,0,0,True,fold_2,evaluation,17472,17460
2021-05-02,84,2021-02-07,2021-05-01,2015,0,0,True,fold_2,evaluation,2015,2012
2021-05-03,728,2019-05-06,2021-05-02,17472,0,0,True,fold_2,evaluation,17472,17460
2021-05-03,84,2021-02-08,2021-05-02,2015,0,0,True,fold_2,evaluation,2015,2012
2021-05-04,728,2019-05-07,2021-05-03,17472,0,0,True,fold_2,evaluation,17472,17460
2021-05-04,84,2021-02-09,2021-05-03,2015,0,0,True,fold_2,evaluation,2015,2012
2021-05-05,728,2019-05-08,2021-05-04,17472,0,0,True,fold_2,evaluation,17472,17460
2021-05-05,84,2021-02-10,2021-05-04,2015,0,0,True,fold_2,evaluation,2015,2012
2021-05-06,728,2019-05-09,2021-05-05,17472,0,0,True,fold_2,evaluation,17472,17460
2021-05-06,84,2021-02-11,2021-05-05,2015,0,0,True,fold_2,evaluation,2015,2012
2021-05-07,728,2019-05-10,2021-05-06,17472,0,0,True,fold_2,evaluation,17472,17460
2021-05-07,84,2021-02-12,2021-05-06,2015,0,0,True,fold_2,evaluation,2015,2012
2021-05-08,728,2019-05-11,2021-05-07,17472,0,0,True,fold_2,evaluation,17472,17460
2021-05-08,84,2021-02-13,2021-05-07,2015,0,0,True,fold_2,evaluation,2015,2012
2021-05-09,728,2019-05-12,2021-05-08,17472,0,0,True,fold_2,evaluation,17472,17460
2021-05-09,84,2021-02-14,2021-05-08,2015,0,0,True,fold_2,evaluation,2015,2012
2021-05-10,728,2019-05-13,2021-05-09,17472,0,0,True,fold_2,evaluation,17472,17460
2021-05-10,84,2021-02-15,2021-05-09,2015,0,0,True,fold_2,evaluation,2015,2012
2021-05-11,728,2019-05-14,2021-05-10,17472,0,0,True,fold_2,evaluation,17472,17460
2021-05-11,84,2021-02-16,2021-05-10,2015,0,0,True,fold_2,evaluation,2015,2012
2021-05-12,728,2019-05-15,2021-05-11,17472,0,0,True,fold_2,evaluation,17472,17460
2021-05-12,84,2021-02-17,2021-05-11,2015,0,0,True,fold_2,evaluation,2015,2012
2021-05-13,728,2019-05-16,2021-05-12,17472,0,0,True,fold_2,evaluation,17472,17460
2021-05-13,84,2021-02-18,2021-05-12,2015,0,0,True,fold_2,evaluation,2015,2012
2021-05-14,728,2019-05-17,2021-05-13,17472,0,0,True,fold_2,evaluation,17472,17460
2021-05-14,84,2021-02-19,2021-05-13,2015,0,0,True,fold_2,evaluation,2015,2012
2021-05-15,728,2019-05-18,2021-05-14,17472,0,0,True,fold_2,evaluation,17472,17460
2021-05-15,84,2021-02-20,2021-05-14,2015,0,0,True,fold_2,evaluation,2015,2012
2021-05-16,728,2019-05-19,2021-05-15,17472,0,0,True,fold_2,evaluation,17472,17460
2021-05-16,84,2021-02-21,2021-05-15,2015,0,0,True,fold_2,evaluation,2015,2012
2021-05-17,728,2019-05-20,2021-05-16,17472,0,0,True,fold_2,evaluation,17472,17460
2021-05-17,84,2021-02-22,2021-05-16,2015,0,0,True,fold_2,evaluation,2015,2012
2021-05-18,728,2019-05-21,2021-05-17,17472,0,0,True,fold_2,evaluation,17472,17460
2021-05-18,84,2021-02-23,2021-05-17,2015,0,0,True,fold_2,evaluation,2015,2012
2021-05-19,728,2019-05-22,2021-05-18,17472,0,0,True,fold_2,evaluation,17472,17460
2021-05-19,84,2021-02-24,2021-05-18,2015,0,0,True,fold_2,evaluation,2015,2012
2021-05-20,728,2019-05-23,2021-05-19,17472,0,0,True,fold_2,evaluation,17472,17460
2021-05-20,84,2021-02-25,2021-05-19,2015,0,0,True,fold_2,evaluation,2015,2012
2021-05-21,728,2019-05-24,2021-05-20,17472,0,0,True,fold_2,evaluation,17472,17460
2021-05-21,84,2021-02-26,2021-05-20,2015,0,0,True,fold_2,evaluation,2015,2012
2021-05-22,728,2019-05-25,2021-05-21,17472,0,0,True,fold_2,evaluation,17472,17460
2021-05-22,84,2021-02-27,2021-05-21,2015,0,0,True,fold_2,evaluation,2015,2012
2021-05-23,728,2019-05-26,2021-05-22,17472,0,0,True,fold_2,evaluation,17472,17460
2021-05-23,84,2021-02-28,2021-05-22,2015,0,0,True,fold_2,evaluation,2015,2012
2021-05-24,728,2019-05-27,2021-05-23,17472,0,0,True,fold_2,evaluation,17472,17460
2021-05-24,84,2021-03-01,2021-05-23,2015,0,0,True,fold_2,evaluation,2015,2012
2021-05-25,728,2019-05-28,2021-05-24,17472,0,0,True,fold_2,evaluation,17472,17460
2021-05-25,84,2021-03-02,2021-05-24,2015,0,0,True,fold_2,evaluation,2015,2012
2021-05-26,728,2019-05-29,2021-05-25,17472,0,0,True,fold_2,evaluation,17472,17460
2021-05-26,84,2021-03-03,2021-05-25,2015,0,0,True,fold_2,evaluation,2015,2012
2021-05-27,728,2019-05-30,2021-05-26,17472,0,0,True,fold_2,evaluation,17472,17460
2021-05-27,84,2021-03-04,2021-05-26,2015,0,0,True,fold_2,evaluation,2015,2012
2021-05-28,728,2019-05-31,2021-05-27,17472,0,0,True,fold_2,evaluation,17472,17460
2021-05-28,84,2021-03-05,2021-05-27,2015,0,0,True,fold_2,evaluation,2015,2012
2021-05-29,728,2019-06-01,2021-05-28,17472,0,0,True,fold_2,evaluation,17472,17460
2021-05-29,84,2021-03-06,2021-05-28,2015,0,0,True,fold_2,evaluation,2015,2012
2021-05-30,728,2019-06-02,2021-05-29,17472,0,0,True,fold_2,evaluation,17472,17460
2021-05-30,84,2021-03-07,2021-05-29,2015,0,0,True,fold_2,evaluation,2015,2012
2021-05-31,728,2019-06-03,2021-05-30,17472,0,0,True,fold_2,evaluation,17472,17460
2021-05-31,84,2021-03-08,2021-05-30,2015,0,0,True,fold_2,evaluation,2015,2012
2021-06-01,728,2019-06-04,2021-05-31,17472,0,0,True,fold_2,evaluation,17472,17460
2021-06-01,84,2021-03-09,2021-05-31,2015,0,0,True,fold_2,evaluation,2015,2012
2021-06-02,728,2019-06-05,2021-06-01,17472,0,0,True,fold_2,evaluation,17472,17460
2021-06-02,84,2021-03-10,2021-06-01,2015,0,0,True,fold_2,evaluation,2015,2012
2021-06-03,728,2019-06-06,2021-06-02,17472,0,0,True,fold_2,evaluation,17472,17460
2021-06-03,84,2021-03-11,2021-06-02,2015,0,0,True,fold_2,evaluation,2015,2012
2021-06-04,728,2019-06-07,2021-06-03,17472,0,0,True,fold_2,evaluation,17472,17460
2021-06-04,84,2021-03-12,2021-06-03,2015,0,0,True,fold_2,evaluation,2015,2012
2021-06-05,728,2019-06-08,2021-06-04,17472,0,0,True,fold_2,evaluation,17472,17460
2021-06-05,84,2021-03-13,2021-06-04,2015,0,0,True,fold_2,evaluation,2015,2012
2021-06-06,728,2019-06-09,2021-06-05,17472,0,0,True,fold_2,evaluation,17472,17460
2021-06-06,84,2021-03-14,2021-06-05,2015,0,0,True,fold_2,evaluation,2015,2012
2021-06-07,728,2019-06-10,2021-06-06,17472,0,0,True,fold_2,evaluation,17472,17460
2021-06-07,84,2021-03-15,2021-06-06,2015,0,0,True,fold_2,evaluation,2015,2012
2021-06-08,728,2019-06-11,2021-06-07,17472,0,0,True,fold_2,evaluation,17472,17460
2021-06-08,84,2021-03-16,2021-06-07,2015,0,0,True,fold_2,evaluation,2015,2012
2021-06-09,728,2019-06-12,2021-06-08,17472,0,0,True,fold_2,evaluation,17472,17460
2021-06-09,84,2021-03-17,2021-06-08,2015,0,0,True,fold_2,evaluation,2015,2012
2021-06-10,728,2019-06-13,2021-06-09,17472,0,0,True,fold_2,evaluation,17472,17460
2021-06-10,84,2021-03-18,2021-06-09,2015,0,0,True,fold_2,evaluation,2015,2012
2021-06-11,728,2019-06-14,2021-06-10,17472,0,0,True,fold_2,evaluation,17472,17460
2021-06-11,84,2021-03-19,2021-06-10,2015,0,0,True,fold_2,evaluation,2015,2012
2021-06-12,728,2019-06-15,2021-06-11,17472,0,0,True,fold_2,evaluation,17472,17460
2021-06-12,84,2021-03-20,2021-06-11,2015,0,0,True,fold_2,evaluation,2015,2012
2021-06-13,728,2019-06-16,2021-06-12,17472,0,0,True,fold_2,evaluation,17472,17460
2021-06-13,84,2021-03-21,2021-06-12,2015,0,0,True,fold_2,evaluation,2015,2012
2021-06-14,728,2019-06-17,2021-06-13,17472,0,0,True,fold_2,evaluation,17472,17460
2021-06-14,84,2021-03-22,2021-06-13,2015,0,0,True,fold_2,evaluation,2015,2012
2021-06-15,728,2019-06-18,2021-06-14,17472,0,0,True,fold_2,evaluation,17472,17460
2021-06-15,84,2021-03-23,2021-06-14,2015,0,0,True,fold_2,evaluation,2015,2012
2021-06-16,728,2019-06-19,2021-06-15,17472,0,0,True,fold_2,evaluation,17472,17460
2021-06-16,84,2021-03-24,2021-06-15,2015,0,0,True,fold_2,evaluation,2015,2012
2021-06-17,728,2019-06-20,2021-06-16,17472,0,0,True,fold_2,evaluation,17472,17460
2021-06-17,84,2021-03-25,2021-06-16,2015,0,0,True,fold_2,evaluation,2015,2012
2021-06-18,728,2019-06-21,2021-06-17,17472,0,0,True,fold_2,evaluation,17472,17460
2021-06-18,84,2021-03-26,2021-06-17,2015,0,0,True,fold_2,evaluation,2015,2012
2021-06-19,728,2019-06-22,2021-06-18,17472,0,0,True,fold_2,evaluation,17472,17460
2021-06-19,84,2021-03-27,2021-06-18,2015,0,0,True,fold_2,evaluation,2015,2012
2021-06-20,728,2019-06-23,2021-06-19,17472,0,0,True,fold_2,evaluation,17472,17460
2021-06-20,84,2021-03-28,2021-06-19,2015,0,0,True,fold_2,evaluation,2015,2012
2021-06-21,728,2019-06-24,2021-06-20,17472,0,0,True,fold_2,evaluation,17472,17460
2021-06-21,84,2021-03-29,2021-06-20,2016,0,0,True,fold_2,evaluation,2016,2013
2021-06-22,728,2019-06-25,2021-06-21,17472,0,0,True,fold_2,evaluation,17472,17460
2021-06-22,84,2021-03-30,2021-06-21,2016,0,0,True,fold_2,evaluation,2016,2014
2021-06-23,728,2019-06-26,2021-06-22,17472,0,0,True,fold_2,evaluation,17472,17460
2021-06-23,84,2021-03-31,2021-06-22,2016,0,0,True,fold_2,evaluation,2016,2015
2021-06-24,728,2019-06-27,2021-06-23,17472,0,0,True,fold_2,evaluation,17472,17460
2021-06-24,84,2021-04-01,2021-06-23,2016,0,0,True,fold_2,evaluation,2016,2015
2021-06-25,728,2019-06-28,2021-06-24,17472,0,0,True,fold_2,evaluation,17472,17460
2021-06-25,84,2021-04-02,2021-06-24,2016,0,0,True,fold_2,evaluation,2016,2015
2021-06-26,728,2019-06-29,2021-06-25,17472,0,0,True,fold_2,evaluation,17472,17460
2021-06-26,84,2021-04-03,2021-06-25,2016,0,0,True,fold_2,evaluation,2016,2015
2021-06-27,728,2019-06-30,2021-06-26,17472,0,0,True,fold_2,evaluation,17472,17460
2021-06-27,84,2021-04-04,2021-06-26,2016,0,0,True,fold_2,evaluation,2016,2015
2021-06-28,728,2019-07-01,2021-06-27,17472,0,0,True,fold_2,evaluation,17472,17460
2021-06-28,84,2021-04-05,2021-06-27,2016,0,0,True,fold_2,evaluation,2016,2016
2021-06-29,728,2019-07-02,2021-06-28,17472,0,0,True,fold_2,evaluation,17472,17460
2021-06-29,84,2021-04-06,2021-06-28,2016,0,0,True,fold_2,evaluation,2016,2016
2022-06-02,728,2020-06-04,2022-06-01,17472,0,0,True,fold_3,optimistic_warmup,17472,17412
2022-06-02,84,2022-03-10,2022-06-01,2015,0,0,True,fold_3,optimistic_warmup,2015,1988
2022-06-03,728,2020-06-05,2022-06-02,17472,0,0,True,fold_3,optimistic_warmup,17472,17412
2022-06-03,84,2022-03-11,2022-06-02,2015,0,0,True,fold_3,optimistic_warmup,2015,1988
2022-06-04,728,2020-06-06,2022-06-03,17472,0,0,True,fold_3,optimistic_warmup,17472,17412
2022-06-04,84,2022-03-12,2022-06-03,2015,0,0,True,fold_3,optimistic_warmup,2015,1988
2022-06-05,728,2020-06-07,2022-06-04,17472,0,0,True,fold_3,optimistic_warmup,17472,17412
2022-06-05,84,2022-03-13,2022-06-04,2015,0,0,True,fold_3,optimistic_warmup,2015,1988
2022-06-06,728,2020-06-08,2022-06-05,17472,0,0,True,fold_3,optimistic_warmup,17472,17412
2022-06-06,84,2022-03-14,2022-06-05,2015,0,0,True,fold_3,optimistic_warmup,2015,1988
2022-06-07,728,2020-06-09,2022-06-06,17472,0,0,True,fold_3,optimistic_warmup,17472,17412
2022-06-07,84,2022-03-15,2022-06-06,2015,0,0,True,fold_3,optimistic_warmup,2015,1988
2022-06-08,728,2020-06-10,2022-06-07,17472,0,0,True,fold_3,optimistic_warmup,17472,17412
2022-06-08,84,2022-03-16,2022-06-07,2015,0,0,True,fold_3,optimistic_warmup,2015,1988
2022-06-09,728,2020-06-11,2022-06-08,17472,0,0,True,fold_3,optimistic_warmup,17472,17412
2022-06-09,84,2022-03-17,2022-06-08,2015,0,0,True,fold_3,optimistic_warmup,2015,1988
2022-06-10,728,2020-06-12,2022-06-09,17472,0,0,True,fold_3,optimistic_warmup,17472,17412
2022-06-10,84,2022-03-18,2022-06-09,2015,0,0,True,fold_3,optimistic_warmup,2015,1988
2022-06-11,728,2020-06-13,2022-06-10,17472,0,0,True,fold_3,optimistic_warmup,17472,17412
2022-06-11,84,2022-03-19,2022-06-10,2015,0,0,True,fold_3,optimistic_warmup,2015,1988
2022-06-12,728,2020-06-14,2022-06-11,17472,0,0,True,fold_3,optimistic_warmup,17472,17412
2022-06-12,84,2022-03-20,2022-06-11,2015,0,0,True,fold_3,optimistic_warmup,2015,1988
2022-06-13,728,2020-06-15,2022-06-12,17472,0,0,True,fold_3,optimistic_warmup,17472,17412
2022-06-13,84,2022-03-21,2022-06-12,2015,0,0,True,fold_3,optimistic_warmup,2015,1988
2022-06-14,728,2020-06-16,2022-06-13,17472,0,0,True,fold_3,optimistic_warmup,17472,17412
2022-06-14,84,2022-03-22,2022-06-13,2015,0,0,True,fold_3,optimistic_warmup,2015,1988
2022-06-15,728,2020-06-17,2022-06-14,17472,0,0,True,fold_3,optimistic_warmup,17472,17412
2022-06-15,84,2022-03-23,2022-06-14,2015,0,0,True,fold_3,optimistic_warmup,2015,1988
2022-06-16,728,2020-06-18,2022-06-15,17472,0,0,True,fold_3,optimistic_warmup,17472,17412
2022-06-16,84,2022-03-24,2022-06-15,2015,0,0,True,fold_3,optimistic_warmup,2015,1988
2022-06-17,728,2020-06-19,2022-06-16,17472,0,0,True,fold_3,optimistic_warmup,17472,17412
2022-06-17,84,2022-03-25,2022-06-16,2015,0,0,True,fold_3,optimistic_warmup,2015,2012
2022-06-18,728,2020-06-20,2022-06-17,17472,0,0,True,fold_3,optimistic_warmup,17472,17412
2022-06-18,84,2022-03-26,2022-06-17,2015,0,0,True,fold_3,optimistic_warmup,2015,2012
2022-06-19,728,2020-06-21,2022-06-18,17472,0,0,True,fold_3,optimistic_warmup,17472,17412
2022-06-19,84,2022-03-27,2022-06-18,2015,0,0,True,fold_3,optimistic_warmup,2015,2012
2022-06-20,728,2020-06-22,2022-06-19,17472,0,0,True,fold_3,optimistic_warmup,17472,17412
2022-06-20,84,2022-03-28,2022-06-19,2016,0,0,True,fold_3,optimistic_warmup,2016,2013
2022-06-21,728,2020-06-23,2022-06-20,17472,0,0,True,fold_3,optimistic_warmup,17472,17412
2022-06-21,84,2022-03-29,2022-06-20,2016,0,0,True,fold_3,optimistic_warmup,2016,2014
2022-06-22,728,2020-06-24,2022-06-21,17472,0,0,True,fold_3,optimistic_warmup,17472,17412
2022-06-22,84,2022-03-30,2022-06-21,2016,0,0,True,fold_3,optimistic_warmup,2016,2015
2022-06-23,728,2020-06-25,2022-06-22,17472,0,0,True,fold_3,optimistic_warmup,17472,17412
2022-06-23,84,2022-03-31,2022-06-22,2016,0,0,True,fold_3,optimistic_warmup,2016,2015
2022-06-24,728,2020-06-26,2022-06-23,17472,0,0,True,fold_3,optimistic_warmup,17472,17412
2022-06-24,84,2022-04-01,2022-06-23,2016,0,0,True,fold_3,optimistic_warmup,2016,2015
2022-06-25,728,2020-06-27,2022-06-24,17472,0,0,True,fold_3,optimistic_warmup,17472,17412
2022-06-25,84,2022-04-02,2022-06-24,2016,0,0,True,fold_3,optimistic_warmup,2016,2015
2022-06-26,728,2020-06-28,2022-06-25,17472,0,0,True,fold_3,optimistic_warmup,17472,17412
2022-06-26,84,2022-04-03,2022-06-25,2016,0,0,True,fold_3,optimistic_warmup,2016,2015
2022-06-27,728,2020-06-29,2022-06-26,17472,0,0,True,fold_3,optimistic_warmup,17472,17412
2022-06-27,84,2022-04-04,2022-06-26,2016,0,0,True,fold_3,optimistic_warmup,2016,2016
2022-06-28,728,2020-06-30,2022-06-27,17472,0,0,True,fold_3,optimistic_warmup,17472,17412
2022-06-28,84,2022-04-05,2022-06-27,2016,0,0,True,fold_3,optimistic_warmup,2016,2016
2022-06-29,728,2020-07-01,2022-06-28,17472,0,0,True,fold_3,optimistic_warmup,17472,17412
2022-06-29,84,2022-04-06,2022-06-28,2016,0,0,True,fold_3,optimistic_warmup,2016,2016
2022-06-30,728,2020-07-02,2022-06-29,17472,0,0,True,fold_3,optimistic_warmup,17472,17412
2022-06-30,84,2022-04-07,2022-06-29,2016,0,0,True,fold_3,optimistic_warmup,2016,2016
2022-07-01,728,2020-07-03,2022-06-30,17472,0,0,True,fold_3,evaluation,17472,17412
2022-07-01,84,2022-04-08,2022-06-30,2016,0,0,True,fold_3,evaluation,2016,2016
2022-07-02,728,2020-07-04,2022-07-01,17472,0,0,True,fold_3,evaluation,17472,17412
2022-07-02,84,2022-04-09,2022-07-01,2016,0,0,True,fold_3,evaluation,2016,2016
2022-07-03,728,2020-07-05,2022-07-02,17472,0,0,True,fold_3,evaluation,17472,17412
2022-07-03,84,2022-04-10,2022-07-02,2016,0,0,True,fold_3,evaluation,2016,2016
2022-07-04,728,2020-07-06,2022-07-03,17472,0,0,True,fold_3,evaluation,17472,17412
2022-07-04,84,2022-04-11,2022-07-03,2016,0,0,True,fold_3,evaluation,2016,2016
2022-07-05,728,2020-07-07,2022-07-04,17472,0,0,True,fold_3,evaluation,17472,17412
2022-07-05,84,2022-04-12,2022-07-04,2016,0,0,True,fold_3,evaluation,2016,2016
2022-07-06,728,2020-07-08,2022-07-05,17472,0,0,True,fold_3,evaluation,17472,17412
2022-07-06,84,2022-04-13,2022-07-05,2016,0,0,True,fold_3,evaluation,2016,2016
2022-07-07,728,2020-07-09,2022-07-06,17472,0,0,True,fold_3,evaluation,17472,17412
2022-07-07,84,2022-04-14,2022-07-06,2016,0,0,True,fold_3,evaluation,2016,2016
2022-07-08,728,2020-07-10,2022-07-07,17472,0,0,True,fold_3,evaluation,17472,17412
2022-07-08,84,2022-04-15,2022-07-07,2016,0,0,True,fold_3,evaluation,2016,2016
2022-07-09,728,2020-07-11,2022-07-08,17472,0,0,True,fold_3,evaluation,17472,17412
2022-07-09,84,2022-04-16,2022-07-08,2016,0,0,True,fold_3,evaluation,2016,2016
2022-07-10,728,2020-07-12,2022-07-09,17472,0,0,True,fold_3,evaluation,17472,17412
2022-07-10,84,2022-04-17,2022-07-09,2016,0,0,True,fold_3,evaluation,2016,2016
2022-07-11,728,2020-07-13,2022-07-10,17472,0,0,True,fold_3,evaluation,17472,17412
2022-07-11,84,2022-04-18,2022-07-10,2016,0,0,True,fold_3,evaluation,2016,2016
2022-07-12,728,2020-07-14,2022-07-11,17472,0,0,True,fold_3,evaluation,17472,17412
2022-07-12,84,2022-04-19,2022-07-11,2016,0,0,True,fold_3,evaluation,2016,2016
2022-07-13,728,2020-07-15,2022-07-12,17472,0,0,True,fold_3,evaluation,17472,17412
2022-07-13,84,2022-04-20,2022-07-12,2016,0,0,True,fold_3,evaluation,2016,2016
2022-07-14,728,2020-07-16,2022-07-13,17472,0,0,True,fold_3,evaluation,17472,17412
2022-07-14,84,2022-04-21,2022-07-13,2016,0,0,True,fold_3,evaluation,2016,2016
2022-07-15,728,2020-07-17,2022-07-14,17472,0,0,True,fold_3,evaluation,17472,17412
2022-07-15,84,2022-04-22,2022-07-14,2016,0,0,True,fold_3,evaluation,2016,2016
2022-07-16,728,2020-07-18,2022-07-15,17472,0,0,True,fold_3,evaluation,17472,17412
2022-07-16,84,2022-04-23,2022-07-15,2016,0,0,True,fold_3,evaluation,2016,2016
2022-07-17,728,2020-07-19,2022-07-16,17472,0,0,True,fold_3,evaluation,17472,17412
2022-07-17,84,2022-04-24,2022-07-16,2016,0,0,True,fold_3,evaluation,2016,2016
2022-07-18,728,2020-07-20,2022-07-17,17472,0,0,True,fold_3,evaluation,17472,17412
2022-07-18,84,2022-04-25,2022-07-17,2016,0,0,True,fold_3,evaluation,2016,2016
2022-07-19,728,2020-07-21,2022-07-18,17472,0,0,True,fold_3,evaluation,17472,17412
2022-07-19,84,2022-04-26,2022-07-18,2016,0,0,True,fold_3,evaluation,2016,2016
2022-07-20,728,2020-07-22,2022-07-19,17472,0,0,True,fold_3,evaluation,17472,17412
2022-07-20,84,2022-04-27,2022-07-19,2016,0,0,True,fold_3,evaluation,2016,2016
2022-07-21,728,2020-07-23,2022-07-20,17472,0,0,True,fold_3,evaluation,17472,17388
2022-07-21,84,2022-04-28,2022-07-20,2016,0,0,True,fold_3,evaluation,2016,1992
2022-07-22,728,2020-07-24,2022-07-21,17472,0,0,True,fold_3,evaluation,17472,17364
2022-07-22,84,2022-04-29,2022-07-21,2016,0,0,True,fold_3,evaluation,2016,1968
2022-07-23,728,2020-07-25,2022-07-22,17472,0,0,True,fold_3,evaluation,17472,17364
2022-07-23,84,2022-04-30,2022-07-22,2016,0,0,True,fold_3,evaluation,2016,1968
2022-07-24,728,2020-07-26,2022-07-23,17472,0,0,True,fold_3,evaluation,17472,17364
2022-07-24,84,2022-05-01,2022-07-23,2016,0,0,True,fold_3,evaluation,2016,1968
2022-07-25,728,2020-07-27,2022-07-24,17472,0,0,True,fold_3,evaluation,17472,17364
2022-07-25,84,2022-05-02,2022-07-24,2016,0,0,True,fold_3,evaluation,2016,1968
2022-07-26,728,2020-07-28,2022-07-25,17472,0,0,True,fold_3,evaluation,17472,17364
2022-07-26,84,2022-05-03,2022-07-25,2016,0,0,True,fold_3,evaluation,2016,1968
2022-07-27,728,2020-07-29,2022-07-26,17472,0,0,True,fold_3,evaluation,17472,17364
2022-07-27,84,2022-05-04,2022-07-26,2016,0,0,True,fold_3,evaluation,2016,1968
2022-07-28,728,2020-07-30,2022-07-27,17472,0,0,True,fold_3,evaluation,17472,17364
2022-07-28,84,2022-05-05,2022-07-27,2016,0,0,True,fold_3,evaluation,2016,1968
2022-07-29,728,2020-07-31,2022-07-28,17472,0,0,True,fold_3,evaluation,17472,17364
2022-07-29,84,2022-05-06,2022-07-28,2016,0,0,True,fold_3,evaluation,2016,1968
2022-07-30,728,2020-08-01,2022-07-29,17472,0,0,True,fold_3,evaluation,17472,17364
2022-07-30,84,2022-05-07,2022-07-29,2016,0,0,True,fold_3,evaluation,2016,1968
2022-07-31,728,2020-08-02,2022-07-30,17472,0,0,True,fold_3,evaluation,17472,17364
2022-07-31,84,2022-05-08,2022-07-30,2016,0,0,True,fold_3,evaluation,2016,1968
2022-08-01,728,2020-08-03,2022-07-31,17472,0,0,True,fold_3,evaluation,17472,17364
2022-08-01,84,2022-05-09,2022-07-31,2016,0,0,True,fold_3,evaluation,2016,1968
2022-08-02,728,2020-08-04,2022-08-01,17472,0,0,True,fold_3,evaluation,17472,17364
2022-08-02,84,2022-05-10,2022-08-01,2016,0,0,True,fold_3,evaluation,2016,1968
2022-08-03,728,2020-08-05,2022-08-02,17472,0,0,True,fold_3,evaluation,17472,17364
2022-08-03,84,2022-05-11,2022-08-02,2016,0,0,True,fold_3,evaluation,2016,1968
2022-08-04,728,2020-08-06,2022-08-03,17472,0,0,True,fold_3,evaluation,17472,17364
2022-08-04,84,2022-05-12,2022-08-03,2016,0,0,True,fold_3,evaluation,2016,1968
2022-08-05,728,2020-08-07,2022-08-04,17472,0,0,True,fold_3,evaluation,17472,17364
2022-08-05,84,2022-05-13,2022-08-04,2016,0,0,True,fold_3,evaluation,2016,1968
2022-08-06,728,2020-08-08,2022-08-05,17472,0,0,True,fold_3,evaluation,17472,17364
2022-08-06,84,2022-05-14,2022-08-05,2016,0,0,True,fold_3,evaluation,2016,1968
2022-08-07,728,2020-08-09,2022-08-06,17472,0,0,True,fold_3,evaluation,17472,17364
2022-08-07,84,2022-05-15,2022-08-06,2016,0,0,True,fold_3,evaluation,2016,1968
2022-08-08,728,2020-08-10,2022-08-07,17472,0,0,True,fold_3,evaluation,17472,17364
2022-08-08,84,2022-05-16,2022-08-07,2016,0,0,True,fold_3,evaluation,2016,1968
2022-08-09,728,2020-08-11,2022-08-08,17472,0,0,True,fold_3,evaluation,17472,17364
2022-08-09,84,2022-05-17,2022-08-08,2016,0,0,True,fold_3,evaluation,2016,1968
2022-08-10,728,2020-08-12,2022-08-09,17472,0,0,True,fold_3,evaluation,17472,17364
2022-08-10,84,2022-05-18,2022-08-09,2016,0,0,True,fold_3,evaluation,2016,1968
2022-08-11,728,2020-08-13,2022-08-10,17472,0,0,True,fold_3,evaluation,17472,17364
2022-08-11,84,2022-05-19,2022-08-10,2016,0,0,True,fold_3,evaluation,2016,1968
2022-08-12,728,2020-08-14,2022-08-11,17472,0,0,True,fold_3,evaluation,17472,17364
2022-08-12,84,2022-05-20,2022-08-11,2016,0,0,True,fold_3,evaluation,2016,1968
2022-08-13,728,2020-08-15,2022-08-12,17472,0,0,True,fold_3,evaluation,17472,17364
2022-08-13,84,2022-05-21,2022-08-12,2016,0,0,True,fold_3,evaluation,2016,1968
2022-08-14,728,2020-08-16,2022-08-13,17472,0,0,True,fold_3,evaluation,17472,17364
2022-08-14,84,2022-05-22,2022-08-13,2016,0,0,True,fold_3,evaluation,2016,1968
2022-08-15,728,2020-08-17,2022-08-14,17472,0,0,True,fold_3,evaluation,17472,17364
2022-08-15,84,2022-05-23,2022-08-14,2016,0,0,True,fold_3,evaluation,2016,1968
2022-08-16,728,2020-08-18,2022-08-15,17472,0,0,True,fold_3,evaluation,17472,17364
2022-08-16,84,2022-05-24,2022-08-15,2016,0,0,True,fold_3,evaluation,2016,1968
2022-08-17,728,2020-08-19,2022-08-16,17472,0,0,True,fold_3,evaluation,17472,17364
2022-08-17,84,2022-05-25,2022-08-16,2016,0,0,True,fold_3,evaluation,2016,1968
2022-08-18,728,2020-08-20,2022-08-17,17472,0,0,True,fold_3,evaluation,17472,17364
2022-08-18,84,2022-05-26,2022-08-17,2016,0,0,True,fold_3,evaluation,2016,1968
2022-08-19,728,2020-08-21,2022-08-18,17472,0,0,True,fold_3,evaluation,17472,17364
2022-08-19,84,2022-05-27,2022-08-18,2016,0,0,True,fold_3,evaluation,2016,1968
2022-08-20,728,2020-08-22,2022-08-19,17472,0,0,True,fold_3,evaluation,17472,17364
2022-08-20,84,2022-05-28,2022-08-19,2016,0,0,True,fold_3,evaluation,2016,1968
2022-08-21,728,2020-08-23,2022-08-20,17472,0,0,True,fold_3,evaluation,17472,17364
2022-08-21,84,2022-05-29,2022-08-20,2016,0,0,True,fold_3,evaluation,2016,1968
2022-08-22,728,2020-08-24,2022-08-21,17472,0,0,True,fold_3,evaluation,17472,17364
2022-08-22,84,2022-05-30,2022-08-21,2016,0,0,True,fold_3,evaluation,2016,1968
2022-08-23,728,2020-08-25,2022-08-22,17472,0,0,True,fold_3,evaluation,17472,17364
2022-08-23,84,2022-05-31,2022-08-22,2016,0,0,True,fold_3,evaluation,2016,1968
2022-08-24,728,2020-08-26,2022-08-23,17472,0,0,True,fold_3,evaluation,17472,17364
2022-08-24,84,2022-06-01,2022-08-23,2016,0,0,True,fold_3,evaluation,2016,1968
2022-08-25,728,2020-08-27,2022-08-24,17472,0,0,True,fold_3,evaluation,17472,17364
2022-08-25,84,2022-06-02,2022-08-24,2016,0,0,True,fold_3,evaluation,2016,1968
2022-08-26,728,2020-08-28,2022-08-25,17472,0,0,True,fold_3,evaluation,17472,17364
2022-08-26,84,2022-06-03,2022-08-25,2016,0,0,True,fold_3,evaluation,2016,1968
2022-08-27,728,2020-08-29,2022-08-26,17472,0,0,True,fold_3,evaluation,17472,17364
2022-08-27,84,2022-06-04,2022-08-26,2016,0,0,True,fold_3,evaluation,2016,1968
2022-08-28,728,2020-08-30,2022-08-27,17472,0,0,True,fold_3,evaluation,17472,17364
2022-08-28,84,2022-06-05,2022-08-27,2016,0,0,True,fold_3,evaluation,2016,1968
2022-08-29,728,2020-08-31,2022-08-28,17472,0,0,True,fold_3,evaluation,17472,17364
2022-08-29,84,2022-06-06,2022-08-28,2016,0,0,True,fold_3,evaluation,2016,1968
2022-08-30,728,2020-09-01,2022-08-29,17472,0,0,True,fold_3,evaluation,17472,17364
2022-08-30,84,2022-06-07,2022-08-29,2016,0,0,True,fold_3,evaluation,2016,1968
2022-08-31,728,2020-09-02,2022-08-30,17472,0,0,True,fold_3,evaluation,17472,17364
2022-08-31,84,2022-06-08,2022-08-30,2016,0,0,True,fold_3,evaluation,2016,1968
2022-09-01,728,2020-09-03,2022-08-31,17472,0,0,True,fold_3,evaluation,17472,17364
2022-09-01,84,2022-06-09,2022-08-31,2016,0,0,True,fold_3,evaluation,2016,1968
2022-09-02,728,2020-09-04,2022-09-01,17472,0,0,True,fold_3,evaluation,17472,17364
2022-09-02,84,2022-06-10,2022-09-01,2016,0,0,True,fold_3,evaluation,2016,1968
2022-09-03,728,2020-09-05,2022-09-02,17472,0,0,True,fold_3,evaluation,17472,17364
2022-09-03,84,2022-06-11,2022-09-02,2016,0,0,True,fold_3,evaluation,2016,1968
2022-09-04,728,2020-09-06,2022-09-03,17472,0,0,True,fold_3,evaluation,17472,17364
2022-09-04,84,2022-06-12,2022-09-03,2016,0,0,True,fold_3,evaluation,2016,1968
2022-09-05,728,2020-09-07,2022-09-04,17472,0,0,True,fold_3,evaluation,17472,17364
2022-09-05,84,2022-06-13,2022-09-04,2016,0,0,True,fold_3,evaluation,2016,1968
2022-09-06,728,2020-09-08,2022-09-05,17472,0,0,True,fold_3,evaluation,17472,17364
2022-09-06,84,2022-06-14,2022-09-05,2016,0,0,True,fold_3,evaluation,2016,1968
2022-09-07,728,2020-09-09,2022-09-06,17472,0,0,True,fold_3,evaluation,17472,17364
2022-09-07,84,2022-06-15,2022-09-06,2016,0,0,True,fold_3,evaluation,2016,1968
2022-09-08,728,2020-09-10,2022-09-07,17472,0,0,True,fold_3,evaluation,17472,17364
2022-09-08,84,2022-06-16,2022-09-07,2016,0,0,True,fold_3,evaluation,2016,1968
2022-09-09,728,2020-09-11,2022-09-08,17472,0,0,True,fold_3,evaluation,17472,17364
2022-09-09,84,2022-06-17,2022-09-08,2016,0,0,True,fold_3,evaluation,2016,1968
2022-09-10,728,2020-09-12,2022-09-09,17472,0,0,True,fold_3,evaluation,17472,17364
2022-09-10,84,2022-06-18,2022-09-09,2016,0,0,True,fold_3,evaluation,2016,1968
2022-09-11,728,2020-09-13,2022-09-10,17472,0,0,True,fold_3,evaluation,17472,17364
2022-09-11,84,2022-06-19,2022-09-10,2016,0,0,True,fold_3,evaluation,2016,1968
2022-09-12,728,2020-09-14,2022-09-11,17472,0,0,True,fold_3,evaluation,17472,17364
2022-09-12,84,2022-06-20,2022-09-11,2016,0,0,True,fold_3,evaluation,2016,1968
2022-09-13,728,2020-09-15,2022-09-12,17472,0,0,True,fold_3,evaluation,17472,17364
2022-09-13,84,2022-06-21,2022-09-12,2016,0,0,True,fold_3,evaluation,2016,1968
2022-09-14,728,2020-09-16,2022-09-13,17472,0,0,True,fold_3,evaluation,17472,17364
2022-09-14,84,2022-06-22,2022-09-13,2016,0,0,True,fold_3,evaluation,2016,1968
2022-09-15,728,2020-09-17,2022-09-14,17472,0,0,True,fold_3,evaluation,17472,17364
2022-09-15,84,2022-06-23,2022-09-14,2016,0,0,True,fold_3,evaluation,2016,1968
2022-09-16,728,2020-09-18,2022-09-15,17472,0,0,True,fold_3,evaluation,17472,17364
2022-09-16,84,2022-06-24,2022-09-15,2016,0,0,True,fold_3,evaluation,2016,1968
2022-09-17,728,2020-09-19,2022-09-16,17472,0,0,True,fold_3,evaluation,17472,17364
2022-09-17,84,2022-06-25,2022-09-16,2016,0,0,True,fold_3,evaluation,2016,1968
2022-09-18,728,2020-09-20,2022-09-17,17472,0,0,True,fold_3,evaluation,17472,17364
2022-09-18,84,2022-06-26,2022-09-17,2016,0,0,True,fold_3,evaluation,2016,1968
2022-09-19,728,2020-09-21,2022-09-18,17472,0,0,True,fold_3,evaluation,17472,17364
2022-09-19,84,2022-06-27,2022-09-18,2016,0,0,True,fold_3,evaluation,2016,1968
2022-09-20,728,2020-09-22,2022-09-19,17472,0,0,True,fold_3,evaluation,17472,17364
2022-09-20,84,2022-06-28,2022-09-19,2016,0,0,True,fold_3,evaluation,2016,1968
2022-09-21,728,2020-09-23,2022-09-20,17472,0,0,True,fold_3,evaluation,17472,17364
2022-09-21,84,2022-06-29,2022-09-20,2016,0,0,True,fold_3,evaluation,2016,1968
2022-09-22,728,2020-09-24,2022-09-21,17472,0,0,True,fold_3,evaluation,17472,17364
2022-09-22,84,2022-06-30,2022-09-21,2016,0,0,True,fold_3,evaluation,2016,1968
2022-09-23,728,2020-09-25,2022-09-22,17472,0,0,True,fold_3,evaluation,17472,17364
2022-09-23,84,2022-07-01,2022-09-22,2016,0,0,True,fold_3,evaluation,2016,1968
2022-09-24,728,2020-09-26,2022-09-23,17472,0,0,True,fold_3,evaluation,17472,17364
2022-09-24,84,2022-07-02,2022-09-23,2016,0,0,True,fold_3,evaluation,2016,1968
2022-09-25,728,2020-09-27,2022-09-24,17472,0,0,True,fold_3,evaluation,17472,17364
2022-09-25,84,2022-07-03,2022-09-24,2016,0,0,True,fold_3,evaluation,2016,1968
2022-09-26,728,2020-09-28,2022-09-25,17472,0,0,True,fold_3,evaluation,17472,17364
2022-09-26,84,2022-07-04,2022-09-25,2016,0,0,True,fold_3,evaluation,2016,1968
2022-09-27,728,2020-09-29,2022-09-26,17472,0,0,True,fold_3,evaluation,17472,17364
2022-09-27,84,2022-07-05,2022-09-26,2016,0,0,True,fold_3,evaluation,2016,1968
2022-09-28,728,2020-09-30,2022-09-27,17472,0,0,True,fold_3,evaluation,17472,17364
2022-09-28,84,2022-07-06,2022-09-27,2016,0,0,True,fold_3,evaluation,2016,1968
2025-04-02,728,2023-04-05,2025-04-01,17472,0,0,True,fold_4,optimistic_warmup,17472,17387
2025-04-02,84,2025-01-08,2025-04-01,2015,0,0,True,fold_4,optimistic_warmup,2015,2013
2025-04-03,728,2023-04-06,2025-04-02,17472,0,0,True,fold_4,optimistic_warmup,17472,17387
2025-04-03,84,2025-01-09,2025-04-02,2015,0,0,True,fold_4,optimistic_warmup,2015,2013
2025-04-04,728,2023-04-07,2025-04-03,17472,0,0,True,fold_4,optimistic_warmup,17472,17387
2025-04-04,84,2025-01-10,2025-04-03,2015,0,0,True,fold_4,optimistic_warmup,2015,2013
2025-04-05,728,2023-04-08,2025-04-04,17472,0,0,True,fold_4,optimistic_warmup,17472,17387
2025-04-05,84,2025-01-11,2025-04-04,2015,0,0,True,fold_4,optimistic_warmup,2015,2013
2025-04-06,728,2023-04-09,2025-04-05,17472,0,0,True,fold_4,optimistic_warmup,17472,17387
2025-04-06,84,2025-01-12,2025-04-05,2015,0,0,True,fold_4,optimistic_warmup,2015,2013
2025-04-07,728,2023-04-10,2025-04-06,17472,0,0,True,fold_4,optimistic_warmup,17472,17386
2025-04-07,84,2025-01-13,2025-04-06,2015,0,0,True,fold_4,optimistic_warmup,2015,2012
2025-04-08,728,2023-04-11,2025-04-07,17472,0,0,True,fold_4,optimistic_warmup,17472,17386
2025-04-08,84,2025-01-14,2025-04-07,2015,0,0,True,fold_4,optimistic_warmup,2015,2012
2025-04-09,728,2023-04-12,2025-04-08,17472,0,0,True,fold_4,optimistic_warmup,17472,17386
2025-04-09,84,2025-01-15,2025-04-08,2015,0,0,True,fold_4,optimistic_warmup,2015,2012
2025-04-10,728,2023-04-13,2025-04-09,17472,0,0,True,fold_4,optimistic_warmup,17472,17386
2025-04-10,84,2025-01-16,2025-04-09,2015,0,0,True,fold_4,optimistic_warmup,2015,2012
2025-04-11,728,2023-04-14,2025-04-10,17472,0,0,True,fold_4,optimistic_warmup,17472,17386
2025-04-11,84,2025-01-17,2025-04-10,2015,0,0,True,fold_4,optimistic_warmup,2015,2012
2025-04-12,728,2023-04-15,2025-04-11,17472,0,0,True,fold_4,optimistic_warmup,17472,17386
2025-04-12,84,2025-01-18,2025-04-11,2015,0,0,True,fold_4,optimistic_warmup,2015,2012
2025-04-13,728,2023-04-16,2025-04-12,17472,0,0,True,fold_4,optimistic_warmup,17472,17386
2025-04-13,84,2025-01-19,2025-04-12,2015,0,0,True,fold_4,optimistic_warmup,2015,2012
2025-04-14,728,2023-04-17,2025-04-13,17472,0,0,True,fold_4,optimistic_warmup,17472,17386
2025-04-14,84,2025-01-20,2025-04-13,2015,0,0,True,fold_4,optimistic_warmup,2015,2012
2025-04-15,728,2023-04-18,2025-04-14,17472,0,0,True,fold_4,optimistic_warmup,17472,17386
2025-04-15,84,2025-01-21,2025-04-14,2015,0,0,True,fold_4,optimistic_warmup,2015,2012
2025-04-16,728,2023-04-19,2025-04-15,17472,0,0,True,fold_4,optimistic_warmup,17472,17386
2025-04-16,84,2025-01-22,2025-04-15,2015,0,0,True,fold_4,optimistic_warmup,2015,2012
2025-04-17,728,2023-04-20,2025-04-16,17472,0,0,True,fold_4,optimistic_warmup,17472,17386
2025-04-17,84,2025-01-23,2025-04-16,2015,0,0,True,fold_4,optimistic_warmup,2015,2012
2025-04-18,728,2023-04-21,2025-04-17,17472,0,0,True,fold_4,optimistic_warmup,17472,17386
2025-04-18,84,2025-01-24,2025-04-17,2015,0,0,True,fold_4,optimistic_warmup,2015,2012
2025-04-19,728,2023-04-22,2025-04-18,17472,0,0,True,fold_4,optimistic_warmup,17472,17386
2025-04-19,84,2025-01-25,2025-04-18,2015,0,0,True,fold_4,optimistic_warmup,2015,2012
2025-04-20,728,2023-04-23,2025-04-19,17472,0,0,True,fold_4,optimistic_warmup,17472,17386
2025-04-20,84,2025-01-26,2025-04-19,2015,0,0,True,fold_4,optimistic_warmup,2015,2012
2025-04-21,728,2023-04-24,2025-04-20,17472,0,0,True,fold_4,optimistic_warmup,17472,17386
2025-04-21,84,2025-01-27,2025-04-20,2015,0,0,True,fold_4,optimistic_warmup,2015,2012
2025-04-22,728,2023-04-25,2025-04-21,17472,0,0,True,fold_4,optimistic_warmup,17472,17386
2025-04-22,84,2025-01-28,2025-04-21,2015,0,0,True,fold_4,optimistic_warmup,2015,2012
2025-04-23,728,2023-04-26,2025-04-22,17472,0,0,True,fold_4,optimistic_warmup,17472,17386
2025-04-23,84,2025-01-29,2025-04-22,2015,0,0,True,fold_4,optimistic_warmup,2015,2012
2025-04-24,728,2023-04-27,2025-04-23,17472,0,0,True,fold_4,optimistic_warmup,17472,17386
2025-04-24,84,2025-01-30,2025-04-23,2015,0,0,True,fold_4,optimistic_warmup,2015,2012
2025-04-25,728,2023-04-28,2025-04-24,17472,0,0,True,fold_4,optimistic_warmup,17472,17386
2025-04-25,84,2025-01-31,2025-04-24,2015,0,0,True,fold_4,optimistic_warmup,2015,2012
2025-04-26,728,2023-04-29,2025-04-25,17472,0,0,True,fold_4,optimistic_warmup,17472,17386
2025-04-26,84,2025-02-01,2025-04-25,2015,0,0,True,fold_4,optimistic_warmup,2015,2012
2025-04-27,728,2023-04-30,2025-04-26,17472,0,0,True,fold_4,optimistic_warmup,17472,17386
2025-04-27,84,2025-02-02,2025-04-26,2015,0,0,True,fold_4,optimistic_warmup,2015,2012
2025-04-28,728,2023-05-01,2025-04-27,17472,0,0,True,fold_4,optimistic_warmup,17472,17386
2025-04-28,84,2025-02-03,2025-04-27,2015,0,0,True,fold_4,optimistic_warmup,2015,2012
2025-04-29,728,2023-05-02,2025-04-28,17472,0,0,True,fold_4,optimistic_warmup,17472,17386
2025-04-29,84,2025-02-04,2025-04-28,2015,0,0,True,fold_4,optimistic_warmup,2015,2012
2025-04-30,728,2023-05-03,2025-04-29,17472,0,0,True,fold_4,optimistic_warmup,17472,17386
2025-04-30,84,2025-02-05,2025-04-29,2015,0,0,True,fold_4,optimistic_warmup,2015,2012
2025-05-01,728,2023-05-04,2025-04-30,17472,0,0,True,fold_4,evaluation,17472,17386
2025-05-01,84,2025-02-06,2025-04-30,2015,0,0,True,fold_4,evaluation,2015,2012
2025-05-02,728,2023-05-05,2025-05-01,17472,0,0,True,fold_4,evaluation,17472,17386
2025-05-02,84,2025-02-07,2025-05-01,2015,0,0,True,fold_4,evaluation,2015,2012
2025-05-03,728,2023-05-06,2025-05-02,17472,0,0,True,fold_4,evaluation,17472,17386
2025-05-03,84,2025-02-08,2025-05-02,2015,0,0,True,fold_4,evaluation,2015,2012
2025-05-04,728,2023-05-07,2025-05-03,17472,0,0,True,fold_4,evaluation,17472,17386
2025-05-04,84,2025-02-09,2025-05-03,2015,0,0,True,fold_4,evaluation,2015,2012
2025-05-05,728,2023-05-08,2025-05-04,17472,0,0,True,fold_4,evaluation,17472,17386
2025-05-05,84,2025-02-10,2025-05-04,2015,0,0,True,fold_4,evaluation,2015,2012
2025-05-06,728,2023-05-09,2025-05-05,17472,0,0,True,fold_4,evaluation,17472,17386
2025-05-06,84,2025-02-11,2025-05-05,2015,0,0,True,fold_4,evaluation,2015,2012
2025-05-07,728,2023-05-10,2025-05-06,17472,0,0,True,fold_4,evaluation,17472,17386
2025-05-07,84,2025-02-12,2025-05-06,2015,0,0,True,fold_4,evaluation,2015,2012
2025-05-08,728,2023-05-11,2025-05-07,17472,0,0,True,fold_4,evaluation,17472,17386
2025-05-08,84,2025-02-13,2025-05-07,2015,0,0,True,fold_4,evaluation,2015,2012
2025-05-09,728,2023-05-12,2025-05-08,17472,0,0,True,fold_4,evaluation,17472,17386
2025-05-09,84,2025-02-14,2025-05-08,2015,0,0,True,fold_4,evaluation,2015,2012
2025-05-10,728,2023-05-13,2025-05-09,17472,0,0,True,fold_4,evaluation,17472,17386
2025-05-10,84,2025-02-15,2025-05-09,2015,0,0,True,fold_4,evaluation,2015,2012
2025-05-11,728,2023-05-14,2025-05-10,17472,0,0,True,fold_4,evaluation,17472,17386
2025-05-11,84,2025-02-16,2025-05-10,2015,0,0,True,fold_4,evaluation,2015,2012
2025-05-12,728,2023-05-15,2025-05-11,17472,0,0,True,fold_4,evaluation,17472,17386
2025-05-12,84,2025-02-17,2025-05-11,2015,0,0,True,fold_4,evaluation,2015,2012
2025-05-13,728,2023-05-16,2025-05-12,17472,0,0,True,fold_4,evaluation,17472,17386
2025-05-13,84,2025-02-18,2025-05-12,2015,0,0,True,fold_4,evaluation,2015,2012
2025-05-14,728,2023-05-17,2025-05-13,17472,0,0,True,fold_4,evaluation,17472,17386
2025-05-14,84,2025-02-19,2025-05-13,2015,0,0,True,fold_4,evaluation,2015,2012
2025-05-15,728,2023-05-18,2025-05-14,17472,0,0,True,fold_4,evaluation,17472,17386
2025-05-15,84,2025-02-20,2025-05-14,2015,0,0,True,fold_4,evaluation,2015,2012
2025-05-16,728,2023-05-19,2025-05-15,17472,0,0,True,fold_4,evaluation,17472,17386
2025-05-16,84,2025-02-21,2025-05-15,2015,0,0,True,fold_4,evaluation,2015,2012
2025-05-17,728,2023-05-20,2025-05-16,17472,0,0,True,fold_4,evaluation,17472,17386
2025-05-17,84,2025-02-22,2025-05-16,2015,0,0,True,fold_4,evaluation,2015,2012
2025-05-18,728,2023-05-21,2025-05-17,17472,0,0,True,fold_4,evaluation,17472,17386
2025-05-18,84,2025-02-23,2025-05-17,2015,0,0,True,fold_4,evaluation,2015,2012
2025-05-19,728,2023-05-22,2025-05-18,17472,0,0,True,fold_4,evaluation,17472,17386
2025-05-19,84,2025-02-24,2025-05-18,2015,0,0,True,fold_4,evaluation,2015,2012
2025-05-20,728,2023-05-23,2025-05-19,17472,0,0,True,fold_4,evaluation,17472,17386
2025-05-20,84,2025-02-25,2025-05-19,2015,0,0,True,fold_4,evaluation,2015,2012
2025-05-21,728,2023-05-24,2025-05-20,17472,0,0,True,fold_4,evaluation,17472,17386
2025-05-21,84,2025-02-26,2025-05-20,2015,0,0,True,fold_4,evaluation,2015,2012
2025-05-22,728,2023-05-25,2025-05-21,17472,0,0,True,fold_4,evaluation,17472,17386
2025-05-22,84,2025-02-27,2025-05-21,2015,0,0,True,fold_4,evaluation,2015,2012
2025-05-23,728,2023-05-26,2025-05-22,17472,0,0,True,fold_4,evaluation,17472,17386
2025-05-23,84,2025-02-28,2025-05-22,2015,0,0,True,fold_4,evaluation,2015,2012
2025-05-24,728,2023-05-27,2025-05-23,17472,0,0,True,fold_4,evaluation,17472,17386
2025-05-24,84,2025-03-01,2025-05-23,2015,0,0,True,fold_4,evaluation,2015,2012
2025-05-25,728,2023-05-28,2025-05-24,17472,0,0,True,fold_4,evaluation,17472,17386
2025-05-25,84,2025-03-02,2025-05-24,2015,0,0,True,fold_4,evaluation,2015,2012
2025-05-26,728,2023-05-29,2025-05-25,17472,0,0,True,fold_4,evaluation,17472,17386
2025-05-26,84,2025-03-03,2025-05-25,2015,0,0,True,fold_4,evaluation,2015,2012
2025-05-27,728,2023-05-30,2025-05-26,17472,0,0,True,fold_4,evaluation,17472,17386
2025-05-27,84,2025-03-04,2025-05-26,2015,0,0,True,fold_4,evaluation,2015,2012
2025-05-28,728,2023-05-31,2025-05-27,17472,0,0,True,fold_4,evaluation,17472,17386
2025-05-28,84,2025-03-05,2025-05-27,2015,0,0,True,fold_4,evaluation,2015,2012
2025-05-29,728,2023-06-01,2025-05-28,17472,0,0,True,fold_4,evaluation,17472,17386
2025-05-29,84,2025-03-06,2025-05-28,2015,0,0,True,fold_4,evaluation,2015,2012
2025-05-30,728,2023-06-02,2025-05-29,17472,0,0,True,fold_4,evaluation,17472,17386
2025-05-30,84,2025-03-07,2025-05-29,2015,0,0,True,fold_4,evaluation,2015,2012
2025-05-31,728,2023-06-03,2025-05-30,17472,0,0,True,fold_4,evaluation,17472,17386
2025-05-31,84,2025-03-08,2025-05-30,2015,0,0,True,fold_4,evaluation,2015,2012
2025-06-01,728,2023-06-04,2025-05-31,17472,0,0,True,fold_4,evaluation,17472,17386
2025-06-01,84,2025-03-09,2025-05-31,2015,0,0,True,fold_4,evaluation,2015,2012
2025-06-02,728,2023-06-05,2025-06-01,17472,0,0,True,fold_4,evaluation,17472,17386
2025-06-02,84,2025-03-10,2025-06-01,2015,0,0,True,fold_4,evaluation,2015,2012
2025-06-03,728,2023-06-06,2025-06-02,17472,0,0,True,fold_4,evaluation,17472,17386
2025-06-03,84,2025-03-11,2025-06-02,2015,0,0,True,fold_4,evaluation,2015,2012
2025-06-04,728,2023-06-07,2025-06-03,17472,0,0,True,fold_4,evaluation,17472,17386
2025-06-04,84,2025-03-12,2025-06-03,2015,0,0,True,fold_4,evaluation,2015,2012
2025-06-05,728,2023-06-08,2025-06-04,17472,0,0,True,fold_4,evaluation,17472,17386
2025-06-05,84,2025-03-13,2025-06-04,2015,0,0,True,fold_4,evaluation,2015,2012
2025-06-06,728,2023-06-09,2025-06-05,17472,0,0,True,fold_4,evaluation,17472,17386
2025-06-06,84,2025-03-14,2025-06-05,2015,0,0,True,fold_4,evaluation,2015,2012
2025-06-07,728,2023-06-10,2025-06-06,17472,0,0,True,fold_4,evaluation,17472,17386
2025-06-07,84,2025-03-15,2025-06-06,2015,0,0,True,fold_4,evaluation,2015,2012
2025-06-08,728,2023-06-11,2025-06-07,17472,0,0,True,fold_4,evaluation,17472,17386
2025-06-08,84,2025-03-16,2025-06-07,2015,0,0,True,fold_4,evaluation,2015,2012
2025-06-09,728,2023-06-12,2025-06-08,17472,0,0,True,fold_4,evaluation,17472,17386
2025-06-09,84,2025-03-17,2025-06-08,2015,0,0,True,fold_4,evaluation,2015,2012
2025-06-10,728,2023-06-13,2025-06-09,17472,0,0,True,fold_4,evaluation,17472,17386
2025-06-10,84,2025-03-18,2025-06-09,2015,0,0,True,fold_4,evaluation,2015,2012
2025-06-11,728,2023-06-14,2025-06-10,17472,0,0,True,fold_4,evaluation,17472,17386
2025-06-11,84,2025-03-19,2025-06-10,2015,0,0,True,fold_4,evaluation,2015,2012
2025-06-12,728,2023-06-15,2025-06-11,17472,0,0,True,fold_4,evaluation,17472,17386
2025-06-12,84,2025-03-20,2025-06-11,2015,0,0,True,fold_4,evaluation,2015,2012
2025-06-13,728,2023-06-16,2025-06-12,17472,0,0,True,fold_4,evaluation,17472,17386
2025-06-13,84,2025-03-21,2025-06-12,2015,0,0,True,fold_4,evaluation,2015,2012
2025-06-14,728,2023-06-17,2025-06-13,17472,0,0,True,fold_4,evaluation,17472,17386
2025-06-14,84,2025-03-22,2025-06-13,2015,0,0,True,fold_4,evaluation,2015,2012
2025-06-15,728,2023-06-18,2025-06-14,17472,0,0,True,fold_4,evaluation,17472,17386
2025-06-15,84,2025-03-23,2025-06-14,2015,0,0,True,fold_4,evaluation,2015,2012
2025-06-16,728,2023-06-19,2025-06-15,17472,0,0,True,fold_4,evaluation,17472,17386
2025-06-16,84,2025-03-24,2025-06-15,2015,0,0,True,fold_4,evaluation,2015,2012
2025-06-17,728,2023-06-20,2025-06-16,17472,0,0,True,fold_4,evaluation,17472,17386
2025-06-17,84,2025-03-25,2025-06-16,2015,0,0,True,fold_4,evaluation,2015,2012
2025-06-18,728,2023-06-21,2025-06-17,17472,0,0,True,fold_4,evaluation,17472,17386
2025-06-18,84,2025-03-26,2025-06-17,2015,0,0,True,fold_4,evaluation,2015,2012
2025-06-19,728,2023-06-22,2025-06-18,17472,0,0,True,fold_4,evaluation,17472,17386
2025-06-19,84,2025-03-27,2025-06-18,2015,0,0,True,fold_4,evaluation,2015,2012
2025-06-20,728,2023-06-23,2025-06-19,17472,0,0,True,fold_4,evaluation,17472,17386
2025-06-20,84,2025-03-28,2025-06-19,2015,0,0,True,fold_4,evaluation,2015,2012
2025-06-21,728,2023-06-24,2025-06-20,17472,0,0,True,fold_4,evaluation,17472,17386
2025-06-21,84,2025-03-29,2025-06-20,2015,0,0,True,fold_4,evaluation,2015,2012
2025-06-22,728,2023-06-25,2025-06-21,17472,0,0,True,fold_4,evaluation,17472,17386
2025-06-22,84,2025-03-30,2025-06-21,2015,0,0,True,fold_4,evaluation,2015,2012
2025-06-23,728,2023-06-26,2025-06-22,17472,0,0,True,fold_4,evaluation,17472,17386
2025-06-23,84,2025-03-31,2025-06-22,2016,0,0,True,fold_4,evaluation,2016,2013
2025-06-24,728,2023-06-27,2025-06-23,17472,0,0,True,fold_4,evaluation,17472,17386
2025-06-24,84,2025-04-01,2025-06-23,2016,0,0,True,fold_4,evaluation,2016,2014
2025-06-25,728,2023-06-28,2025-06-24,17472,0,0,True,fold_4,evaluation,17472,17386
2025-06-25,84,2025-04-02,2025-06-24,2016,0,0,True,fold_4,evaluation,2016,2015
2025-06-26,728,2023-06-29,2025-06-25,17472,0,0,True,fold_4,evaluation,17472,17386
2025-06-26,84,2025-04-03,2025-06-25,2016,0,0,True,fold_4,evaluation,2016,2015
2025-06-27,728,2023-06-30,2025-06-26,17472,0,0,True,fold_4,evaluation,17472,17386
2025-06-27,84,2025-04-04,2025-06-26,2016,0,0,True,fold_4,evaluation,2016,2015
2025-06-28,728,2023-07-01,2025-06-27,17472,0,0,True,fold_4,evaluation,17472,17386
2025-06-28,84,2025-04-05,2025-06-27,2016,0,0,True,fold_4,evaluation,2016,2015
2025-06-29,728,2023-07-02,2025-06-28,17472,0,0,True,fold_4,evaluation,17472,17386
2025-06-29,84,2025-04-06,2025-06-28,2016,0,0,True,fold_4,evaluation,2016,2015
2025-06-30,728,2023-07-03,2025-06-29,17472,0,0,True,fold_4,evaluation,17472,17386
2025-06-30,84,2025-04-07,2025-06-29,2016,0,0,True,fold_4,evaluation,2016,2016
2025-07-01,728,2023-07-04,2025-06-30,17472,0,0,True,fold_4,evaluation,17472,17386
2025-07-01,84,2025-04-08,2025-06-30,2016,0,0,True,fold_4,evaluation,2016,2016
2025-07-02,728,2023-07-05,2025-07-01,17472,0,0,True,fold_4,evaluation,17472,17386
2025-07-02,84,2025-04-09,2025-07-01,2016,0,0,True,fold_4,evaluation,2016,2016
2025-07-03,728,2023-07-06,2025-07-02,17472,0,0,True,fold_4,evaluation,17472,17386
2025-07-03,84,2025-04-10,2025-07-02,2016,0,0,True,fold_4,evaluation,2016,2016
2025-07-04,728,2023-07-07,2025-07-03,17472,0,0,True,fold_4,evaluation,17472,17386
2025-07-04,84,2025-04-11,2025-07-03,2016,0,0,True,fold_4,evaluation,2016,2016
2025-07-05,728,2023-07-08,2025-07-04,17472,0,0,True,fold_4,evaluation,17472,17386
2025-07-05,84,2025-04-12,2025-07-04,2016,0,0,True,fold_4,evaluation,2016,2016
2025-07-06,728,2023-07-09,2025-07-05,17472,0,0,True,fold_4,evaluation,17472,17386
2025-07-06,84,2025-04-13,2025-07-05,2016,0,0,True,fold_4,evaluation,2016,2016
2025-07-07,728,2023-07-10,2025-07-06,17472,0,0,True,fold_4,evaluation,17472,17386
2025-07-07,84,2025-04-14,2025-07-06,2016,0,0,True,fold_4,evaluation,2016,2016
2025-07-08,728,2023-07-11,2025-07-07,17472,0,0,True,fold_4,evaluation,17472,17386
2025-07-08,84,2025-04-15,2025-07-07,2016,0,0,True,fold_4,evaluation,2016,2016
2025-07-09,728,2023-07-12,2025-07-08,17472,0,0,True,fold_4,evaluation,17472,17386
2025-07-09,84,2025-04-16,2025-07-08,2016,0,0,True,fold_4,evaluation,2016,2016
2025-07-10,728,2023-07-13,2025-07-09,17472,0,0,True,fold_4,evaluation,17472,17386
2025-07-10,84,2025-04-17,2025-07-09,2016,0,0,True,fold_4,evaluation,2016,2016
2025-07-11,728,2023-07-14,2025-07-10,17472,0,0,True,fold_4,evaluation,17472,17386
2025-07-11,84,2025-04-18,2025-07-10,2016,0,0,True,fold_4,evaluation,2016,2016
2025-07-12,728,2023-07-15,2025-07-11,17472,0,0,True,fold_4,evaluation,17472,17386
2025-07-12,84,2025-04-19,2025-07-11,2016,0,0,True,fold_4,evaluation,2016,2016
2025-07-13,728,2023-07-16,2025-07-12,17472,0,0,True,fold_4,evaluation,17472,17386
2025-07-13,84,2025-04-20,2025-07-12,2016,0,0,True,fold_4,evaluation,2016,2016
2025-07-14,728,2023-07-17,2025-07-13,17472,0,0,True,fold_4,evaluation,17472,17386
2025-07-14,84,2025-04-21,2025-07-13,2016,0,0,True,fold_4,evaluation,2016,2016
2025-07-15,728,2023-07-18,2025-07-14,17472,0,0,True,fold_4,evaluation,17472,17386
2025-07-15,84,2025-04-22,2025-07-14,2016,0,0,True,fold_4,evaluation,2016,2016
2025-07-16,728,2023-07-19,2025-07-15,17472,0,0,True,fold_4,evaluation,17472,17386
2025-07-16,84,2025-04-23,2025-07-15,2016,0,0,True,fold_4,evaluation,2016,2016
2025-07-17,728,2023-07-20,2025-07-16,17472,0,0,True,fold_4,evaluation,17472,17386
2025-07-17,84,2025-04-24,2025-07-16,2016,0,0,True,fold_4,evaluation,2016,2016
2025-07-18,728,2023-07-21,2025-07-17,17472,0,0,True,fold_4,evaluation,17472,17386
2025-07-18,84,2025-04-25,2025-07-17,2016,0,0,True,fold_4,evaluation,2016,2016
2025-07-19,728,2023-07-22,2025-07-18,17472,0,0,True,fold_4,evaluation,17472,17386
2025-07-19,84,2025-04-26,2025-07-18,2016,0,0,True,fold_4,evaluation,2016,2016
2025-07-20,728,2023-07-23,2025-07-19,17472,0,0,True,fold_4,evaluation,17472,17386
2025-07-20,84,2025-04-27,2025-07-19,2016,0,0,True,fold_4,evaluation,2016,2016
2025-07-21,728,2023-07-24,2025-07-20,17472,0,0,True,fold_4,evaluation,17472,17386
2025-07-21,84,2025-04-28,2025-07-20,2016,0,0,True,fold_4,evaluation,2016,2016
2025-07-22,728,2023-07-25,2025-07-21,17472,0,0,True,fold_4,evaluation,17472,17386
2025-07-22,84,2025-04-29,2025-07-21,2016,0,0,True,fold_4,evaluation,2016,2016
2025-07-23,728,2023-07-26,2025-07-22,17472,0,0,True,fold_4,evaluation,17472,17386
2025-07-23,84,2025-04-30,2025-07-22,2016,0,0,True,fold_4,evaluation,2016,2016
2025-07-24,728,2023-07-27,2025-07-23,17472,0,0,True,fold_4,evaluation,17472,17386
2025-07-24,84,2025-05-01,2025-07-23,2016,0,0,True,fold_4,evaluation,2016,2016
2025-07-25,728,2023-07-28,2025-07-24,17472,0,0,True,fold_4,evaluation,17472,17386
2025-07-25,84,2025-05-02,2025-07-24,2016,0,0,True,fold_4,evaluation,2016,2016
2025-07-26,728,2023-07-29,2025-07-25,17472,0,0,True,fold_4,evaluation,17472,17386
2025-07-26,84,2025-05-03,2025-07-25,2016,0,0,True,fold_4,evaluation,2016,2016
2025-07-27,728,2023-07-30,2025-07-26,17472,0,0,True,fold_4,evaluation,17472,17386
2025-07-27,84,2025-05-04,2025-07-26,2016,0,0,True,fold_4,evaluation,2016,2016
2025-07-28,728,2023-07-31,2025-07-27,17472,0,0,True,fold_4,evaluation,17472,17386
2025-07-28,84,2025-05-05,2025-07-27,2016,0,0,True,fold_4,evaluation,2016,2016
2025-07-29,728,2023-08-01,2025-07-28,17472,0,0,True,fold_4,evaluation,17472,17386
2025-07-29,84,2025-05-06,2025-07-28,2016,0,0,True,fold_4,evaluation,2016,2016
2025-12-10,728,2023-12-13,2025-12-09,17472,0,0,True,fold_5,optimistic_warmup,17472,17435
2025-12-10,84,2025-09-17,2025-12-09,2017,0,0,True,fold_5,optimistic_warmup,2017,2014
2025-12-11,728,2023-12-14,2025-12-10,17472,0,0,True,fold_5,optimistic_warmup,17472,17435
2025-12-11,84,2025-09-18,2025-12-10,2017,0,0,True,fold_5,optimistic_warmup,2017,2014
2025-12-12,728,2023-12-15,2025-12-11,17472,0,0,True,fold_5,optimistic_warmup,17472,17435
2025-12-12,84,2025-09-19,2025-12-11,2017,0,0,True,fold_5,optimistic_warmup,2017,2014
2025-12-13,728,2023-12-16,2025-12-12,17472,0,0,True,fold_5,optimistic_warmup,17472,17435
2025-12-13,84,2025-09-20,2025-12-12,2017,0,0,True,fold_5,optimistic_warmup,2017,2014
2025-12-14,728,2023-12-17,2025-12-13,17472,0,0,True,fold_5,optimistic_warmup,17472,17435
2025-12-14,84,2025-09-21,2025-12-13,2017,0,0,True,fold_5,optimistic_warmup,2017,2014
2025-12-15,728,2023-12-18,2025-12-14,17472,0,0,True,fold_5,optimistic_warmup,17472,17435
2025-12-15,84,2025-09-22,2025-12-14,2017,0,0,True,fold_5,optimistic_warmup,2017,2014
2025-12-16,728,2023-12-19,2025-12-15,17472,0,0,True,fold_5,optimistic_warmup,17472,17435
2025-12-16,84,2025-09-23,2025-12-15,2017,0,0,True,fold_5,optimistic_warmup,2017,2014
2025-12-17,728,2023-12-20,2025-12-16,17472,0,0,True,fold_5,optimistic_warmup,17472,17435
2025-12-17,84,2025-09-24,2025-12-16,2017,0,0,True,fold_5,optimistic_warmup,2017,2014
2025-12-18,728,2023-12-21,2025-12-17,17472,0,0,True,fold_5,optimistic_warmup,17472,17435
2025-12-18,84,2025-09-25,2025-12-17,2017,0,0,True,fold_5,optimistic_warmup,2017,2014
2025-12-19,728,2023-12-22,2025-12-18,17472,0,0,True,fold_5,optimistic_warmup,17472,17435
2025-12-19,84,2025-09-26,2025-12-18,2017,0,0,True,fold_5,optimistic_warmup,2017,2014
2025-12-20,728,2023-12-23,2025-12-19,17472,0,0,True,fold_5,optimistic_warmup,17472,17435
2025-12-20,84,2025-09-27,2025-12-19,2017,0,0,True,fold_5,optimistic_warmup,2017,2014
2025-12-21,728,2023-12-24,2025-12-20,17472,0,0,True,fold_5,optimistic_warmup,17472,17435
2025-12-21,84,2025-09-28,2025-12-20,2017,0,0,True,fold_5,optimistic_warmup,2017,2014
2025-12-22,728,2023-12-25,2025-12-21,17472,0,0,True,fold_5,optimistic_warmup,17472,17435
2025-12-22,84,2025-09-29,2025-12-21,2017,0,0,True,fold_5,optimistic_warmup,2017,2014
2025-12-23,728,2023-12-26,2025-12-22,17472,0,0,True,fold_5,optimistic_warmup,17472,17435
2025-12-23,84,2025-09-30,2025-12-22,2017,0,0,True,fold_5,optimistic_warmup,2017,2014
2025-12-24,728,2023-12-27,2025-12-23,17472,0,0,True,fold_5,optimistic_warmup,17472,17435
2025-12-24,84,2025-10-01,2025-12-23,2017,0,0,True,fold_5,optimistic_warmup,2017,2014
2025-12-25,728,2023-12-28,2025-12-24,17472,0,0,True,fold_5,optimistic_warmup,17472,17435
2025-12-25,84,2025-10-02,2025-12-24,2017,0,0,True,fold_5,optimistic_warmup,2017,2014
2025-12-26,728,2023-12-29,2025-12-25,17472,0,0,True,fold_5,optimistic_warmup,17472,17435
2025-12-26,84,2025-10-03,2025-12-25,2017,0,0,True,fold_5,optimistic_warmup,2017,2014
2025-12-27,728,2023-12-30,2025-12-26,17472,0,0,True,fold_5,optimistic_warmup,17472,17435
2025-12-27,84,2025-10-04,2025-12-26,2017,0,0,True,fold_5,optimistic_warmup,2017,2014
2025-12-28,728,2023-12-31,2025-12-27,17472,0,0,True,fold_5,optimistic_warmup,17472,17435
2025-12-28,84,2025-10-05,2025-12-27,2017,0,0,True,fold_5,optimistic_warmup,2017,2014
2025-12-29,728,2024-01-01,2025-12-28,17472,0,0,True,fold_5,optimistic_warmup,17472,17435
2025-12-29,84,2025-10-06,2025-12-28,2017,0,0,True,fold_5,optimistic_warmup,2017,2014
2025-12-30,728,2024-01-02,2025-12-29,17472,0,0,True,fold_5,optimistic_warmup,17472,17435
2025-12-30,84,2025-10-07,2025-12-29,2017,0,0,True,fold_5,optimistic_warmup,2017,2014
2025-12-31,728,2024-01-03,2025-12-30,17472,0,0,True,fold_5,optimistic_warmup,17472,17435
2025-12-31,84,2025-10-08,2025-12-30,2017,0,0,True,fold_5,optimistic_warmup,2017,2014
2026-01-01,728,2024-01-04,2025-12-31,17472,0,0,True,fold_5,optimistic_warmup,17472,17435
2026-01-01,84,2025-10-09,2025-12-31,2017,0,0,True,fold_5,optimistic_warmup,2017,2014
2026-01-02,728,2024-01-05,2026-01-01,17472,0,0,True,fold_5,optimistic_warmup,17472,17435
2026-01-02,84,2025-10-10,2026-01-01,2017,0,0,True,fold_5,optimistic_warmup,2017,2014
2026-01-03,728,2024-01-06,2026-01-02,17472,0,0,True,fold_5,optimistic_warmup,17472,17435
2026-01-03,84,2025-10-11,2026-01-02,2017,0,0,True,fold_5,optimistic_warmup,2017,2014
2026-01-04,728,2024-01-07,2026-01-03,17472,0,0,True,fold_5,optimistic_warmup,17472,17435
2026-01-04,84,2025-10-12,2026-01-03,2017,0,0,True,fold_5,optimistic_warmup,2017,2014
2026-01-05,728,2024-01-08,2026-01-04,17472,0,0,True,fold_5,optimistic_warmup,17472,17435
2026-01-05,84,2025-10-13,2026-01-04,2017,0,0,True,fold_5,optimistic_warmup,2017,2014
2026-01-06,728,2024-01-09,2026-01-05,17472,0,0,True,fold_5,optimistic_warmup,17472,17435
2026-01-06,84,2025-10-14,2026-01-05,2017,0,0,True,fold_5,optimistic_warmup,2017,2014
2026-01-07,728,2024-01-10,2026-01-06,17472,0,0,True,fold_5,optimistic_warmup,17472,17435
2026-01-07,84,2025-10-15,2026-01-06,2017,0,0,True,fold_5,optimistic_warmup,2017,2014
2026-01-08,728,2024-01-11,2026-01-07,17472,0,0,True,fold_5,evaluation,17472,17435
2026-01-08,84,2025-10-16,2026-01-07,2017,0,0,True,fold_5,evaluation,2017,2014
2026-01-09,728,2024-01-12,2026-01-08,17472,0,0,True,fold_5,evaluation,17472,17435
2026-01-09,84,2025-10-17,2026-01-08,2017,0,0,True,fold_5,evaluation,2017,2014
2026-01-10,728,2024-01-13,2026-01-09,17472,0,0,True,fold_5,evaluation,17472,17435
2026-01-10,84,2025-10-18,2026-01-09,2017,0,0,True,fold_5,evaluation,2017,2014
2026-01-11,728,2024-01-14,2026-01-10,17472,0,0,True,fold_5,evaluation,17472,17435
2026-01-11,84,2025-10-19,2026-01-10,2017,0,0,True,fold_5,evaluation,2017,2014
2026-01-12,728,2024-01-15,2026-01-11,17472,0,0,True,fold_5,evaluation,17472,17435
2026-01-12,84,2025-10-20,2026-01-11,2017,0,0,True,fold_5,evaluation,2017,2014
2026-01-13,728,2024-01-16,2026-01-12,17472,0,0,True,fold_5,evaluation,17472,17435
2026-01-13,84,2025-10-21,2026-01-12,2017,0,0,True,fold_5,evaluation,2017,2014
2026-01-14,728,2024-01-17,2026-01-13,17472,0,0,True,fold_5,evaluation,17472,17435
2026-01-14,84,2025-10-22,2026-01-13,2017,0,0,True,fold_5,evaluation,2017,2014
2026-01-15,728,2024-01-18,2026-01-14,17472,0,0,True,fold_5,evaluation,17472,17435
2026-01-15,84,2025-10-23,2026-01-14,2017,0,0,True,fold_5,evaluation,2017,2014
2026-01-16,728,2024-01-19,2026-01-15,17472,0,0,True,fold_5,evaluation,17472,17435
2026-01-16,84,2025-10-24,2026-01-15,2017,0,0,True,fold_5,evaluation,2017,2014
2026-01-17,728,2024-01-20,2026-01-16,17472,0,0,True,fold_5,evaluation,17472,17435
2026-01-17,84,2025-10-25,2026-01-16,2017,0,0,True,fold_5,evaluation,2017,2014
2026-01-18,728,2024-01-21,2026-01-17,17472,0,0,True,fold_5,evaluation,17472,17435
2026-01-18,84,2025-10-26,2026-01-17,2017,0,0,True,fold_5,evaluation,2017,2014
2026-01-19,728,2024-01-22,2026-01-18,17472,0,0,True,fold_5,evaluation,17472,17435
2026-01-19,84,2025-10-27,2026-01-18,2016,0,0,True,fold_5,evaluation,2016,2013
2026-01-20,728,2024-01-23,2026-01-19,17472,0,0,True,fold_5,evaluation,17472,17435
2026-01-20,84,2025-10-28,2026-01-19,2016,0,0,True,fold_5,evaluation,2016,2014
2026-01-21,728,2024-01-24,2026-01-20,17472,0,0,True,fold_5,evaluation,17472,17435
2026-01-21,84,2025-10-29,2026-01-20,2016,0,0,True,fold_5,evaluation,2016,2015
2026-01-22,728,2024-01-25,2026-01-21,17472,0,0,True,fold_5,evaluation,17472,17435
2026-01-22,84,2025-10-30,2026-01-21,2016,0,0,True,fold_5,evaluation,2016,2015
2026-01-23,728,2024-01-26,2026-01-22,17472,0,0,True,fold_5,evaluation,17472,17435
2026-01-23,84,2025-10-31,2026-01-22,2016,0,0,True,fold_5,evaluation,2016,2015
2026-01-24,728,2024-01-27,2026-01-23,17472,0,0,True,fold_5,evaluation,17472,17435
2026-01-24,84,2025-11-01,2026-01-23,2016,0,0,True,fold_5,evaluation,2016,2015
2026-01-25,728,2024-01-28,2026-01-24,17472,0,0,True,fold_5,evaluation,17472,17435
2026-01-25,84,2025-11-02,2026-01-24,2016,0,0,True,fold_5,evaluation,2016,2015
2026-01-26,728,2024-01-29,2026-01-25,17472,0,0,True,fold_5,evaluation,17472,17435
2026-01-26,84,2025-11-03,2026-01-25,2016,0,0,True,fold_5,evaluation,2016,2016
2026-01-27,728,2024-01-30,2026-01-26,17472,0,0,True,fold_5,evaluation,17472,17435
2026-01-27,84,2025-11-04,2026-01-26,2016,0,0,True,fold_5,evaluation,2016,2016
2026-01-28,728,2024-01-31,2026-01-27,17472,0,0,True,fold_5,evaluation,17472,17435
2026-01-28,84,2025-11-05,2026-01-27,2016,0,0,True,fold_5,evaluation,2016,2016
2026-01-29,728,2024-02-01,2026-01-28,17472,0,0,True,fold_5,evaluation,17472,17435
2026-01-29,84,2025-11-06,2026-01-28,2016,0,0,True,fold_5,evaluation,2016,2016
2026-01-30,728,2024-02-02,2026-01-29,17472,0,0,True,fold_5,evaluation,17472,17435
2026-01-30,84,2025-11-07,2026-01-29,2016,0,0,True,fold_5,evaluation,2016,2016
2026-01-31,728,2024-02-03,2026-01-30,17472,0,0,True,fold_5,evaluation,17472,17435
2026-01-31,84,2025-11-08,2026-01-30,2016,0,0,True,fold_5,evaluation,2016,2016
2026-02-01,728,2024-02-04,2026-01-31,17472,0,0,True,fold_5,evaluation,17472,17435
2026-02-01,84,2025-11-09,2026-01-31,2016,0,0,True,fold_5,evaluation,2016,2016
2026-02-02,728,2024-02-05,2026-02-01,17472,0,0,True,fold_5,evaluation,17472,17435
2026-02-02,84,2025-11-10,2026-02-01,2016,0,0,True,fold_5,evaluation,2016,2016
2026-02-03,728,2024-02-06,2026-02-02,17472,0,0,True,fold_5,evaluation,17472,17435
2026-02-03,84,2025-11-11,2026-02-02,2016,0,0,True,fold_5,evaluation,2016,2016
2026-02-04,728,2024-02-07,2026-02-03,17472,0,0,True,fold_5,evaluation,17472,17435
2026-02-04,84,2025-11-12,2026-02-03,2016,0,0,True,fold_5,evaluation,2016,2016
2026-02-05,728,2024-02-08,2026-02-04,17472,0,0,True,fold_5,evaluation,17472,17435
2026-02-05,84,2025-11-13,2026-02-04,2016,0,0,True,fold_5,evaluation,2016,2016
2026-02-06,728,2024-02-09,2026-02-05,17472,0,0,True,fold_5,evaluation,17472,17435
2026-02-06,84,2025-11-14,2026-02-05,2016,0,0,True,fold_5,evaluation,2016,2016
2026-02-07,728,2024-02-10,2026-02-06,17472,0,0,True,fold_5,evaluation,17472,17435
2026-02-07,84,2025-11-15,2026-02-06,2016,0,0,True,fold_5,evaluation,2016,2016
2026-02-08,728,2024-02-11,2026-02-07,17472,0,0,True,fold_5,evaluation,17472,17435
2026-02-08,84,2025-11-16,2026-02-07,2016,0,0,True,fold_5,evaluation,2016,2016
2026-02-09,728,2024-02-12,2026-02-08,17472,0,0,True,fold_5,evaluation,17472,17435
2026-02-09,84,2025-11-17,2026-02-08,2016,0,0,True,fold_5,evaluation,2016,2016
2026-02-10,728,2024-02-13,2026-02-09,17472,0,0,True,fold_5,evaluation,17472,17435
2026-02-10,84,2025-11-18,2026-02-09,2016,0,0,True,fold_5,evaluation,2016,2016
2026-02-11,728,2024-02-14,2026-02-10,17472,0,0,True,fold_5,evaluation,17472,17435
2026-02-11,84,2025-11-19,2026-02-10,2016,0,0,True,fold_5,evaluation,2016,2016
2026-02-12,728,2024-02-15,2026-02-11,17472,0,0,True,fold_5,evaluation,17472,17435
2026-02-12,84,2025-11-20,2026-02-11,2016,0,0,True,fold_5,evaluation,2016,2016
2026-02-13,728,2024-02-16,2026-02-12,17472,0,0,True,fold_5,evaluation,17472,17435
2026-02-13,84,2025-11-21,2026-02-12,2016,0,0,True,fold_5,evaluation,2016,2016
2026-02-14,728,2024-02-17,2026-02-13,17472,0,0,True,fold_5,evaluation,17472,17435
2026-02-14,84,2025-11-22,2026-02-13,2016,0,0,True,fold_5,evaluation,2016,2016
2026-02-15,728,2024-02-18,2026-02-14,17472,0,0,True,fold_5,evaluation,17472,17435
2026-02-15,84,2025-11-23,2026-02-14,2016,0,0,True,fold_5,evaluation,2016,2016
2026-02-16,728,2024-02-19,2026-02-15,17472,0,0,True,fold_5,evaluation,17472,17435
2026-02-16,84,2025-11-24,2026-02-15,2016,0,0,True,fold_5,evaluation,2016,2016
2026-02-17,728,2024-02-20,2026-02-16,17472,0,0,True,fold_5,evaluation,17472,17435
2026-02-17,84,2025-11-25,2026-02-16,2016,0,0,True,fold_5,evaluation,2016,2016
2026-02-18,728,2024-02-21,2026-02-17,17472,0,0,True,fold_5,evaluation,17472,17435
2026-02-18,84,2025-11-26,2026-02-17,2016,0,0,True,fold_5,evaluation,2016,2016
2026-02-19,728,2024-02-22,2026-02-18,17472,0,0,True,fold_5,evaluation,17472,17435
2026-02-19,84,2025-11-27,2026-02-18,2016,0,0,True,fold_5,evaluation,2016,2016
2026-02-20,728,2024-02-23,2026-02-19,17472,0,0,True,fold_5,evaluation,17472,17435
2026-02-20,84,2025-11-28,2026-02-19,2016,0,0,True,fold_5,evaluation,2016,2016
2026-02-21,728,2024-02-24,2026-02-20,17472,0,0,True,fold_5,evaluation,17472,17435
2026-02-21,84,2025-11-29,2026-02-20,2016,0,0,True,fold_5,evaluation,2016,2016
2026-02-22,728,2024-02-25,2026-02-21,17472,0,0,True,fold_5,evaluation,17472,17435
2026-02-22,84,2025-11-30,2026-02-21,2016,0,0,True,fold_5,evaluation,2016,2016
2026-02-23,728,2024-02-26,2026-02-22,17472,0,0,True,fold_5,evaluation,17472,17435
2026-02-23,84,2025-12-01,2026-02-22,2016,0,0,True,fold_5,evaluation,2016,2016
2026-02-24,728,2024-02-27,2026-02-23,17472,0,0,True,fold_5,evaluation,17472,17435
2026-02-24,84,2025-12-02,2026-02-23,2016,0,0,True,fold_5,evaluation,2016,2016
2026-02-25,728,2024-02-28,2026-02-24,17472,0,0,True,fold_5,evaluation,17472,17435
2026-02-25,84,2025-12-03,2026-02-24,2016,0,0,True,fold_5,evaluation,2016,2016
2026-02-26,728,2024-02-29,2026-02-25,17472,0,0,True,fold_5,evaluation,17472,17435
2026-02-26,84,2025-12-04,2026-02-25,2016,0,0,True,fold_5,evaluation,2016,2016
2026-02-27,728,2024-03-01,2026-02-26,17472,0,0,True,fold_5,evaluation,17472,17435
2026-02-27,84,2025-12-05,2026-02-26,2016,0,0,True,fold_5,evaluation,2016,2016
2026-02-28,728,2024-03-02,2026-02-27,17472,0,0,True,fold_5,evaluation,17472,17435
2026-02-28,84,2025-12-06,2026-02-27,2016,0,0,True,fold_5,evaluation,2016,2016
2026-03-01,728,2024-03-03,2026-02-28,17472,0,0,True,fold_5,evaluation,17472,17435
2026-03-01,84,2025-12-07,2026-02-28,2016,0,0,True,fold_5,evaluation,2016,2016
2026-03-02,728,2024-03-04,2026-03-01,17472,0,0,True,fold_5,evaluation,17472,17435
2026-03-02,84,2025-12-08,2026-03-01,2016,0,0,True,fold_5,evaluation,2016,2016
2026-03-03,728,2024-03-05,2026-03-02,17472,0,0,True,fold_5,evaluation,17472,17435
2026-03-03,84,2025-12-09,2026-03-02,2016,0,0,True,fold_5,evaluation,2016,2016
2026-03-04,728,2024-03-06,2026-03-03,17472,0,0,True,fold_5,evaluation,17472,17435
2026-03-04,84,2025-12-10,2026-03-03,2016,0,0,True,fold_5,evaluation,2016,2016
2026-03-05,728,2024-03-07,2026-03-04,17472,0,0,True,fold_5,evaluation,17472,17435
2026-03-05,84,2025-12-11,2026-03-04,2016,0,0,True,fold_5,evaluation,2016,2016
2026-03-06,728,2024-03-08,2026-03-05,17472,0,0,True,fold_5,evaluation,17472,17435
2026-03-06,84,2025-12-12,2026-03-05,2016,0,0,True,fold_5,evaluation,2016,2016
2026-03-07,728,2024-03-09,2026-03-06,17472,0,0,True,fold_5,evaluation,17472,17435
2026-03-07,84,2025-12-13,2026-03-06,2016,0,0,True,fold_5,evaluation,2016,2016
2026-03-08,728,2024-03-10,2026-03-07,17472,0,0,True,fold_5,evaluation,17472,17435
2026-03-08,84,2025-12-14,2026-03-07,2016,0,0,True,fold_5,evaluation,2016,2016
2026-03-09,728,2024-03-11,2026-03-08,17472,0,0,True,fold_5,evaluation,17472,17435
2026-03-09,84,2025-12-15,2026-03-08,2016,0,0,True,fold_5,evaluation,2016,2016
2026-03-10,728,2024-03-12,2026-03-09,17472,0,0,True,fold_5,evaluation,17472,17435
2026-03-10,84,2025-12-16,2026-03-09,2016,0,0,True,fold_5,evaluation,2016,2016
2026-03-11,728,2024-03-13,2026-03-10,17472,0,0,True,fold_5,evaluation,17472,17435
2026-03-11,84,2025-12-17,2026-03-10,2016,0,0,True,fold_5,evaluation,2016,2016
2026-03-12,728,2024-03-14,2026-03-11,17472,0,0,True,fold_5,evaluation,17472,17435
2026-03-12,84,2025-12-18,2026-03-11,2016,0,0,True,fold_5,evaluation,2016,2016
2026-03-13,728,2024-03-15,2026-03-12,17472,0,0,True,fold_5,evaluation,17472,17435
2026-03-13,84,2025-12-19,2026-03-12,2016,0,0,True,fold_5,evaluation,2016,2016
2026-03-14,728,2024-03-16,2026-03-13,17472,0,0,True,fold_5,evaluation,17472,17435
2026-03-14,84,2025-12-20,2026-03-13,2016,0,0,True,fold_5,evaluation,2016,2016
2026-03-15,728,2024-03-17,2026-03-14,17472,0,0,True,fold_5,evaluation,17472,17435
2026-03-15,84,2025-12-21,2026-03-14,2016,0,0,True,fold_5,evaluation,2016,2016
2026-03-16,728,2024-03-18,2026-03-15,17472,0,0,True,fold_5,evaluation,17472,17435
2026-03-16,84,2025-12-22,2026-03-15,2016,0,0,True,fold_5,evaluation,2016,2016
2026-03-17,728,2024-03-19,2026-03-16,17472,0,0,True,fold_5,evaluation,17472,17435
2026-03-17,84,2025-12-23,2026-03-16,2016,0,0,True,fold_5,evaluation,2016,2016
2026-03-18,728,2024-03-20,2026-03-17,17472,0,0,True,fold_5,evaluation,17472,17435
2026-03-18,84,2025-12-24,2026-03-17,2016,0,0,True,fold_5,evaluation,2016,2016
2026-03-19,728,2024-03-21,2026-03-18,17472,0,0,True,fold_5,evaluation,17472,17435
2026-03-19,84,2025-12-25,2026-03-18,2016,0,0,True,fold_5,evaluation,2016,2016
2026-03-20,728,2024-03-22,2026-03-19,17472,0,0,True,fold_5,evaluation,17472,17435
2026-03-20,84,2025-12-26,2026-03-19,2016,0,0,True,fold_5,evaluation,2016,2016
2026-03-21,728,2024-03-23,2026-03-20,17472,0,0,True,fold_5,evaluation,17472,17435
2026-03-21,84,2025-12-27,2026-03-20,2016,0,0,True,fold_5,evaluation,2016,2016
2026-03-22,728,2024-03-24,2026-03-21,17472,0,0,True,fold_5,evaluation,17472,17435
2026-03-22,84,2025-12-28,2026-03-21,2016,0,0,True,fold_5,evaluation,2016,2016
2026-03-23,728,2024-03-25,2026-03-22,17472,0,0,True,fold_5,evaluation,17472,17435
2026-03-23,84,2025-12-29,2026-03-22,2016,0,0,True,fold_5,evaluation,2016,2016
2026-03-24,728,2024-03-26,2026-03-23,17472,0,0,True,fold_5,evaluation,17472,17435
2026-03-24,84,2025-12-30,2026-03-23,2016,0,0,True,fold_5,evaluation,2016,2016
2026-03-25,728,2024-03-27,2026-03-24,17472,0,0,True,fold_5,evaluation,17472,17435
2026-03-25,84,2025-12-31,2026-03-24,2016,0,0,True,fold_5,evaluation,2016,2016
2026-03-26,728,2024-03-28,2026-03-25,17472,0,0,True,fold_5,evaluation,17472,17435
2026-03-26,84,2026-01-01,2026-03-25,2016,0,0,True,fold_5,evaluation,2016,2016
2026-03-27,728,2024-03-29,2026-03-26,17472,0,0,True,fold_5,evaluation,17472,17435
2026-03-27,84,2026-01-02,2026-03-26,2016,0,0,True,fold_5,evaluation,2016,2016
2026-03-28,728,2024-03-30,2026-03-27,17472,0,0,True,fold_5,evaluation,17472,17435
2026-03-28,84,2026-01-03,2026-03-27,2016,0,0,True,fold_5,evaluation,2016,2016
2026-03-29,728,2024-03-31,2026-03-28,17472,0,0,True,fold_5,evaluation,17472,17435
2026-03-29,84,2026-01-04,2026-03-28,2016,0,0,True,fold_5,evaluation,2016,2016
2026-03-30,728,2024-04-01,2026-03-29,17472,0,0,True,fold_5,evaluation,17472,17435
2026-03-30,84,2026-01-05,2026-03-29,2015,0,0,True,fold_5,evaluation,2015,2015
2026-03-31,728,2024-04-02,2026-03-30,17472,0,0,True,fold_5,evaluation,17472,17435
2026-03-31,84,2026-01-06,2026-03-30,2015,0,0,True,fold_5,evaluation,2015,2014
2026-04-01,728,2024-04-03,2026-03-31,17472,0,0,True,fold_5,evaluation,17472,17435
2026-04-01,84,2026-01-07,2026-03-31,2015,0,0,True,fold_5,evaluation,2015,2013
2026-04-02,728,2024-04-04,2026-04-01,17472,0,0,True,fold_5,evaluation,17472,17435
2026-04-02,84,2026-01-08,2026-04-01,2015,0,0,True,fold_5,evaluation,2015,2013
2026-04-03,728,2024-04-05,2026-04-02,17472,0,0,True,fold_5,evaluation,17472,17435
2026-04-03,84,2026-01-09,2026-04-02,2015,0,0,True,fold_5,evaluation,2015,2013
2026-04-04,728,2024-04-06,2026-04-03,17472,0,0,True,fold_5,evaluation,17472,17435
2026-04-04,84,2026-01-10,2026-04-03,2015,0,0,True,fold_5,evaluation,2015,2013
2026-04-05,728,2024-04-07,2026-04-04,17472,0,0,True,fold_5,evaluation,17472,17435
2026-04-05,84,2026-01-11,2026-04-04,2015,0,0,True,fold_5,evaluation,2015,2013
2026-04-06,728,2024-04-08,2026-04-05,17472,0,0,True,fold_5,evaluation,17472,17435
2026-04-06,84,2026-01-12,2026-04-05,2015,0,0,True,fold_5,evaluation,2015,2012
2026-04-07,728,2024-04-09,2026-04-06,17472,0,0,True,fold_5,evaluation,17472,17435
2026-04-07,84,2026-01-13,2026-04-06,2015,0,0,True,fold_5,evaluation,2015,2012
